"Vin","Stock","Type","Year","Make","Model","Trim","Ext Color","Status","Price","Body Style","Fuel Type","MSRP","Date In Stock","Street Address","Locality","Postal Code","Region","Country","Location","Vechile URL"
"5FNRL38706B442420","250227A","Used","2006","Honda","Odyssey","EX-L","White","","6955","Vans","Gasoline Fuel","","02/01/2025","1268 Central Park Dr","O'Fallon","62269","IL","US","Serra Honda O'Fallon","https://www.serrahondaofallon.com/inventory/used-2006-honda-odyssey-ex-l-fwd-4d-passenger-van-5fnrl38706b442420/"
"SHSRD78895U305495","250253B","Used","2005","Honda","CR-V","EX","Silver","","7555","SUVs","Gasoline Fuel","","03/15/2025","1268 Central Park Dr","O'Fallon","62269","IL","US","Serra Honda O'Fallon","https://www.serrahondaofallon.com/inventory/used-2005-honda-cr-v-ex-awd-4d-sport-utility-shsrd78895u305495/"
"1HGCM56706A022541","250091A","Used","2006","Honda","Accord","EX","Tango Red Pearl","","7955","Cars","Gasoline Fuel","","02/28/2025","1268 Central Park Dr","O'Fallon","62269","IL","US","Serra Honda O'Fallon","https://www.serrahondaofallon.com/inventory/used-2006-honda-accord-ex-fwd-4d-sedan-1hgcm56706a022541/"
"5J6YH18593L004739","250408A","Used","2003","Honda","Element","EX","Black","","9955","SUVs","Gasoline Fuel","","03/05/2025","1268 Central Park Dr","O'Fallon","62269","IL","US","Serra Honda O'Fallon","https://www.serrahondaofallon.com/inventory/used-2003-honda-element-ex-fwd-4d-sport-utility-5j6yh18593l004739/"
"5FNRL5H69CB089626","250533A","Used","2012","Honda","Odyssey","EX-L","Polished Metal Metallic","","9955","Vans","Gasoline Fuel","","02/27/2025","1268 Central Park Dr","O'Fallon","62269","IL","US","Serra Honda O'Fallon","https://www.serrahondaofallon.com/inventory/used-2012-honda-odyssey-ex-l-fwd-4d-passenger-van-5fnrl5h69cb089626/"
"5J6RM4H53CL011171","259213B","Used","2012","Honda","CR-V","EX","Crystal Black Pearl","","11977","SUVs","Gasoline Fuel","","03/10/2025","1268 Central Park Dr","O'Fallon","62269","IL","US","Serra Honda O'Fallon","https://www.serrahondaofallon.com/inventory/used-2012-honda-cr-v-ex-awd-4d-sport-utility-5j6rm4h53cl011171/"
"5FNYF6H54HB046478","259516A","Used","2017","Honda","Pilot","EX-L","Modern Steel Metallic","","15577","SUVs","Gasoline Fuel","","03/04/2025","1268 Central Park Dr","O'Fallon","62269","IL","US","Serra Honda O'Fallon","https://www.serrahondaofallon.com/inventory/used-2017-honda-pilot-ex-l-awd-4d-sport-utility-5fnyf6h54hb046478/"
"5FPYK3F84HB012006","238409M","Used","2017","Honda","Ridgeline","Black Edition","Crystal Black Pearl","","15955","Trucks","Gasoline Fuel","","02/13/2025","1268 Central Park Dr","O'Fallon","62269","IL","US","Serra Honda O'Fallon","https://www.serrahondaofallon.com/inventory/used-2017-honda-ridgeline-black-edition-awd-4d-crew-cab-5fpyk3f84hb012006/"
"5J6RW2H88JL006716","2029A","Used","2018","Honda","CR-V","EX-L","White","","15977","SUVs","Gasoline Fuel","","02/27/2025","1268 Central Park Dr","O'Fallon","62269","IL","US","Serra Honda O'Fallon","https://www.serrahondaofallon.com/inventory/used-2018-honda-cr-v-ex-l-awd-4d-sport-utility-5j6rw2h88jl006716/"
"19XFB2F8XFE020429","249691A","Used","2015","Honda","Civic","EX","Blue","","16277","Cars","Gasoline Fuel","","02/26/2025","1268 Central Park Dr","O'Fallon","62269","IL","US","Serra Honda O'Fallon","https://www.serrahondaofallon.com/inventory/used-2015-honda-civic-ex-fwd-4d-sedan-19xfb2f8xfe020429/"
"19XZE4F90KE018577","250557A","Used","2019","Honda","Insight","Touring","Cosmic Blue Metallic","","19877","Cars","Gas/Electric Hybrid","","03/13/2025","1268 Central Park Dr","O'Fallon","62269","IL","US","Serra Honda O'Fallon","https://www.serrahondaofallon.com/inventory/used-2019-honda-insight-touring-fwd-4d-sedan-19xze4f90ke018577/"
"5FPYK3F15LB025598","249052A","Used","2020","Honda","Ridgeline","Sport","Crystal Black Pearl","","19955","Trucks","Gasoline Fuel","","12/21/2024","1268 Central Park Dr","O'Fallon","62269","IL","US","Serra Honda O'Fallon","https://www.serrahondaofallon.com/inventory/used-2020-honda-ridgeline-sport-awd-4d-crew-cab-5fpyk3f15lb025598/"
"1HGCV2F39KA026798","250416A","Used","2019","Honda","Accord","Sport 2.0T","Still Night Pearl","","20977","Cars","Gasoline Fuel","","02/01/2025","1268 Central Park Dr","O'Fallon","62269","IL","US","Serra Honda O'Fallon","https://www.serrahondaofallon.com/inventory/used-2019-honda-accord-sport-2-0t-fwd-4d-sedan-1hgcv2f39ka026798/"
"7FARW1H57JE045830","250576A","Used","2018","Honda","CR-V","EX","B-588p","","21977","SUVs","Gasoline Fuel","","03/14/2025","1268 Central Park Dr","O'Fallon","62269","IL","US","Serra Honda O'Fallon","https://www.serrahondaofallon.com/inventory/used-2018-honda-cr-v-ex-fwd-4d-sport-utility-7farw1h57je045830/"
"3CZRU6H53MM743120","2033A","Used","2021","Honda","HR-V","EX","Midnight Amethyst Metallic","","22777","SUVs","Gasoline Fuel","","03/06/2025","1268 Central Park Dr","O'Fallon","62269","IL","US","Serra Honda O'Fallon","https://www.serrahondaofallon.com/inventory/used-2021-honda-hr-v-ex-awd-4d-sport-utility-3czru6h53mm743120/"
"1HGCV3F57MA010108","250178B","Used","2021","Honda","Accord Hybrid","EX-L","Modern Steel Metallic","","24177","Cars","Gas/Electric Hybrid","","01/18/2025","1268 Central Park Dr","O'Fallon","62269","IL","US","Serra Honda O'Fallon","https://www.serrahondaofallon.com/inventory/used-2021-honda-accord-hybrid-ex-l-fwd-4d-sedan-1hgcv3f57ma010108/"
"2HGFE2F54NH579220","250450B","Used","2022","Honda","Civic","Sport","Aegean Blue Metallic","","24477","Cars","Gasoline Fuel","","02/25/2025","1268 Central Park Dr","O'Fallon","62269","IL","US","Serra Honda O'Fallon","https://www.serrahondaofallon.com/inventory/used-2022-honda-civic-sport-fwd-4d-sedan-2hgfe2f54nh579220/"
"1HGCV1F55KA120964","250270A","Used","2019","Honda","Accord","EX-L","Modern Steel Metallic","","25677","Cars","Gasoline Fuel","","03/06/2025","1268 Central Park Dr","O'Fallon","62269","IL","US","Serra Honda O'Fallon","https://www.serrahondaofallon.com/inventory/used-2019-honda-accord-ex-l-fwd-4d-sedan-1hgcv1f55ka120964/"
"2HGFE1F70NH329467","250344A","Certified Used","2022","Honda","Civic","EX","Crystal Black Pearl","","25788","Cars","Gasoline Fuel","","03/11/2025","1268 Central Park Dr","O'Fallon","62269","IL","US","Serra Honda O'Fallon","https://www.serrahondaofallon.com/inventory/certified-used-2022-honda-civic-ex-fwd-4d-sedan-2hgfe1f70nh329467/"
"19XFC1F90ME004298","250358A","Used","2021","Honda","Civic","Touring","Aegean Blue Metallic","","25877","Cars","Gasoline Fuel","","02/01/2025","1268 Central Park Dr","O'Fallon","62269","IL","US","Serra Honda O'Fallon","https://www.serrahondaofallon.com/inventory/used-2021-honda-civic-touring-fwd-4d-sedan-19xfc1f90me004298/"
"19XFL2H8XPE010253","250133A","Certified Used","2023","Honda","Civic","Sport","Platinum White Pearl","","25988","Compact","Gasoline Fuel","","03/11/2025","1268 Central Park Dr","O'Fallon","62269","IL","US","Serra Honda O'Fallon","https://www.serrahondaofallon.com/inventory/certified-used-2023-honda-civic-sport-fwd-4d-hatchback-19xfl2h8xpe010253/"
"5J6RW2H85LL039966","250393A","Used","2020","Honda","CR-V","EX-L","Modern Steel Metallic","","26677","SUVs","Gasoline Fuel","","02/26/2025","1268 Central Park Dr","O'Fallon","62269","IL","US","Serra Honda O'Fallon","https://www.serrahondaofallon.com/inventory/used-2020-honda-cr-v-ex-l-awd-4d-sport-utility-5j6rw2h85ll039966/"
"1HGCV1F55MA090643","250591A","Used","2021","Honda","Accord","EX-L","Modern Steel Metallic","","26677","Cars","Gasoline Fuel","","03/14/2025","1268 Central Park Dr","O'Fallon","62269","IL","US","Serra Honda O'Fallon","https://www.serrahondaofallon.com/inventory/used-2021-honda-accord-ex-l-fwd-4d-sedan-1hgcv1f55ma090643/"
"1HGCV1F50MA043228","250504A","Used","2021","Honda","Accord","EX-L","Lunar Silver Metallic","","27977","Cars","Gasoline Fuel","","03/08/2025","1268 Central Park Dr","O'Fallon","62269","IL","US","Serra Honda O'Fallon","https://www.serrahondaofallon.com/inventory/used-2021-honda-accord-ex-l-fwd-4d-sedan-1hgcv1f50ma043228/"
"3CZRZ2H59RM756097","248494L","Used","2024","Honda","HR-V","Sport","Platinum White Pearl","","28677","SUVs","Gasoline Fuel","","02/25/2025","1268 Central Park Dr","O'Fallon","62269","IL","US","Serra Honda O'Fallon","https://www.serrahondaofallon.com/inventory/used-2024-honda-hr-v-sport-awd-4d-sport-utility-3czrz2h59rm756097/"
"1HGCY1F33RA044323","248704L","Used","2024","Honda","Accord","EX","Meteorite Gray Metallic","","28777","Cars","Gasoline Fuel","","02/25/2025","1268 Central Park Dr","O'Fallon","62269","IL","US","Serra Honda O'Fallon","https://www.serrahondaofallon.com/inventory/used-2024-honda-accord-ex-fwd-4d-sedan-1hgcy1f33ra044323/"
"5J6RW2H59NL000998","250579A","Certified Used","2022","Honda","CR-V","EX","Platinum White Pearl","","28888","SUVs","Gasoline Fuel","","03/08/2025","1268 Central Park Dr","O'Fallon","62269","IL","US","Serra Honda O'Fallon","https://www.serrahondaofallon.com/inventory/certified-used-2022-honda-cr-v-ex-awd-4d-sport-utility-5j6rw2h59nl000998/"
"3CZRZ2H57RM755370","248478L","Certified Used","2024","Honda","HR-V","Sport","Milano Red","","28888","SUVs","Gasoline Fuel","","02/13/2025","1268 Central Park Dr","O'Fallon","62269","IL","US","Serra Honda O'Fallon","https://www.serrahondaofallon.com/inventory/certified-used-2024-honda-hr-v-sport-awd-4d-sport-utility-3czrz2h57rm755370/"
"5FNYF8H55MB024169","250580A","Used","2021","Honda","Passport","EX-L","Nh-797","","29977","SUVs","Gasoline Fuel","","03/14/2025","1268 Central Park Dr","O'Fallon","62269","IL","US","Serra Honda O'Fallon","https://www.serrahondaofallon.com/inventory/used-2021-honda-passport-ex-l-awd-4d-sport-utility-5fnyf8h55mb024169/"
"2HKRW2H95NH601886","2030A","Used","2022","Honda","CR-V","Touring","Red","","29977","SUVs","Gasoline Fuel","","02/28/2025","1268 Central Park Dr","O'Fallon","62269","IL","US","Serra Honda O'Fallon","https://www.serrahondaofallon.com/inventory/used-2022-honda-cr-v-touring-awd-4d-sport-utility-2hkrw2h95nh601886/"
"5J6RS4H44PL004832","259751A","Certified Used","2023","Honda","CR-V","EX","Radiant Red Metallic","","30277","SUVs","Gasoline Fuel","","02/22/2025","1268 Central Park Dr","O'Fallon","62269","IL","US","Serra Honda O'Fallon","https://www.serrahondaofallon.com/inventory/certified-used-2023-honda-cr-v-ex-awd-4d-sport-utility-5j6rs4h44pl004832/"
"5FNYF6H22NB026666","250191A","Used","2022","Honda","Pilot","Special Edition","Lunar Silver Metallic","","32577","SUVs","Gasoline Fuel","","03/07/2025","1268 Central Park Dr","O'Fallon","62269","IL","US","Serra Honda O'Fallon","https://www.serrahondaofallon.com/inventory/used-2022-honda-pilot-special-edition-awd-4d-sport-utility-5fnyf6h22nb026666/"
"5FPYK3F71PB035314","250548A","Used","2023","Honda","Ridgeline","RTL-E","Platinum White Pearl","","36511","Trucks","Gasoline Fuel","","02/28/2025","1268 Central Park Dr","O'Fallon","62269","IL","US","Serra Honda O'Fallon","https://www.serrahondaofallon.com/inventory/used-2023-honda-ridgeline-rtl-e-awd-4d-crew-cab-5fpyk3f71pb035314/"
"5FPYK3F81PB003648","250210A","Certified Used","2023","Honda","Ridgeline","Black Edition","Crystal Black Pearl","","37677","Trucks","Gasoline Fuel","","03/03/2025","1268 Central Park Dr","O'Fallon","62269","IL","US","Serra Honda O'Fallon","https://www.serrahondaofallon.com/inventory/certified-used-2023-honda-ridgeline-black-edition-awd-4d-crew-cab-5fpyk3f81pb003648/"
"5FNYG1H79PB021172","250489A","Certified Used","2023","Honda","Pilot","Touring","Sonic Gray Pearl","","42288","SUVs","Gasoline Fuel","","03/05/2025","1268 Central Park Dr","O'Fallon","62269","IL","US","Serra Honda O'Fallon","https://www.serrahondaofallon.com/inventory/certified-used-2023-honda-pilot-touring-awd-4d-sport-utility-5fnyg1h79pb021172/"
"5FNRL6H82SB033128","250549A","Used","2025","Honda","Odyssey","Touring","Nh-912","","45577","Vans","Gasoline Fuel","","03/01/2025","1268 Central Park Dr","O'Fallon","62269","IL","US","Serra Honda O'Fallon","https://www.serrahondaofallon.com/inventory/used-2025-honda-odyssey-touring-fwd-4d-passenger-van-5fnrl6h82sb033128/"
"5J6RM4H73EL004225","250141C","Used","2014","Honda","CR-V","EX-L","Basque Red Pearl II","","<span class=""callforprice"">Please call for price</span>","SUVs","Gasoline Fuel","","03/13/2025","1268 Central Park Dr","O'Fallon","62269","IL","US","Serra Honda O'Fallon","https://www.serrahondaofallon.com/inventory/used-2014-honda-cr-v-ex-l-awd-4d-sport-utility-5j6rm4h73el004225/"
"5FNYF4H9XCB052785","250472A","Used","2012","Honda","Pilot","Touring","Crystal Black Pearl","","<span class=""callforprice"">Please call for price</span>","SUVs","Gasoline Fuel","","02/21/2025","1268 Central Park Dr","O'Fallon","62269","IL","US","Serra Honda O'Fallon","https://www.serrahondaofallon.com/inventory/used-2012-honda-pilot-touring-4wd-4d-sport-utility-5fnyf4h9xcb052785/"
"5FNRL5H99GB071885","2037A","Used","2016","Honda","Odyssey","","Red","","<span class=""callforprice"">Please call for price</span>","Vans","","","03/18/2025","1268 Central Park Dr","O'Fallon","62269","IL","US","Serra Honda O'Fallon","https://www.serrahondaofallon.com/inventory/used-2016-honda-odyssey-fwd-4d-passenger-van-5fnrl5h99gb071885/"
"2HKRW2H84LH605447","250626A","Used","2020","Honda","CR-V","EX-L","Nh-788","","<span class=""callforprice"">Please call for price</span>","SUVs","Gasoline Fuel","","03/18/2025","1268 Central Park Dr","O'Fallon","62269","IL","US","Serra Honda O'Fallon","https://www.serrahondaofallon.com/inventory/used-2020-honda-cr-v-ex-l-awd-4d-sport-utility-2hkrw2h84lh605447/"
"JTEGH20V730106654","250604A","Used","2003","Toyota","RAV4","Base","Spectra Blue Mica","","5955","SUVs","","","03/12/2025","1268 Central Park Dr","O'Fallon","62269","IL","US","Serra Honda O'Fallon","https://www.serrahondaofallon.com/inventory/used-2003-toyota-rav4-base-fwd-4d-sport-utility-jtegh20v730106654/"
"4T1BK36B67U196814","250329A","Used","2007","Toyota","Avalon","Limited","Blizzard Pearl","","6955","Cars","Gasoline Fuel","","02/17/2025","1268 Central Park Dr","O'Fallon","62269","IL","US","Serra Honda O'Fallon","https://www.serrahondaofallon.com/inventory/used-2007-toyota-avalon-limited-fwd-4d-sedan-4t1bk36b67u196814/"
"3MEHM0JG5AR604484","248681N","Used","2010","Mercury","Milan","Premier","Black","","7977","Cars","Gasoline Fuel","","03/06/2025","1268 Central Park Dr","O'Fallon","62269","IL","US","Serra Honda O'Fallon","https://www.serrahondaofallon.com/inventory/used-2010-mercury-milan-premier-fwd-4d-sedan-3mehm0jg5ar604484/"
"3GNAL2EK3CS642573","250376A","Used","2012","Chevrolet","Captiva Sport","2LS","Blue Topaz Metallic","","7977","SUVs","Gasoline Fuel","","02/21/2025","1268 Central Park Dr","O'Fallon","62269","IL","US","Serra Honda O'Fallon","https://www.serrahondaofallon.com/inventory/used-2012-chevrolet-captiva-sport-2ls-fwd-4d-sport-utility-3gnal2ek3cs642573/"
"KMHCT5AE5GU242860","250211B","Used","2016","Hyundai","Accent","SE","Ironman Silver Metallic","","8977","Compact","Gasoline Fuel","","03/10/2025","1268 Central Park Dr","O'Fallon","62269","IL","US","Serra Honda O'Fallon","https://www.serrahondaofallon.com/inventory/used-2016-hyundai-accent-se-fwd-4d-hatchback-kmhct5ae5gu242860/"
"2T1BU4EE9AC495511","250431A","Used","2010","Toyota","Corolla","LE","Desert Sand Mica","","9555","Cars","Gasoline Fuel","","03/11/2025","1268 Central Park Dr","O'Fallon","62269","IL","US","Serra Honda O'Fallon","https://www.serrahondaofallon.com/inventory/used-2010-toyota-corolla-le-fwd-4d-sedan-2t1bu4ee9ac495511/"
"1FMCU9G90GUB59030","250527B","Used","2016","Ford","Escape","SE","Ruby Red Metallic","","9577","SUVs","Gasoline Fuel","","03/03/2025","1268 Central Park Dr","O'Fallon","62269","IL","US","Serra Honda O'Fallon","https://www.serrahondaofallon.com/inventory/used-2016-ford-escape-se-4wd-4d-sport-utility-1fmcu9g90gub59030/"
"1G1BF5SM7H7171344","250159S","Used","2017","Chevrolet","Cruze","Premier","Arctic Blue Metallic","","10877","Cars","Gasoline Fuel","","12/09/2024","1268 Central Park Dr","O'Fallon","62269","IL","US","Serra Honda O'Fallon","https://www.serrahondaofallon.com/inventory/used-2017-chevrolet-cruze-premier-fwd-4d-sedan-1g1bf5sm7h7171344/"
"KNDJ23AU2L7070726","259558A","Used","2020","Kia","Soul","LX","Inferno Red","","10977","Compact","Gasoline Fuel","","02/08/2025","1268 Central Park Dr","O'Fallon","62269","IL","US","Serra Honda O'Fallon","https://www.serrahondaofallon.com/inventory/used-2020-kia-soul-lx-fwd-4d-hatchback-kndj23au2l7070726/"
"2G1125S33F9196882","249039A","Used","2015","Chevrolet","Impala","LT","Ashen Gray Metallic","","11477","Cars","Gasoline Fuel","","02/07/2025","1268 Central Park Dr","O'Fallon","62269","IL","US","Serra Honda O'Fallon","https://www.serrahondaofallon.com/inventory/used-2015-chevrolet-impala-lt-fwd-4d-sedan-2g1125s33f9196882/"
"1FM5K7D88FGA33929","250374B","Used","2015","Ford","Explorer","XLT","Magnetic Metallic","","11577","SUVs","Gasoline Fuel","","02/08/2025","1268 Central Park Dr","O'Fallon","62269","IL","US","Serra Honda O'Fallon","https://www.serrahondaofallon.com/inventory/used-2015-ford-explorer-xlt-fwd-4d-sport-utility-1fm5k7d88fga33929/"
"JM3KE2CY3G0622911","259929A","Used","2016","Mazda","CX-5","Touring","Blue Reflex Mica","","11955","SUVs","Gasoline Fuel","","03/11/2025","1268 Central Park Dr","O'Fallon","62269","IL","US","Serra Honda O'Fallon","https://www.serrahondaofallon.com/inventory/used-2016-mazda-cx-5-touring-fwd-4d-sport-utility-jm3ke2cy3g0622911/"
"WBA5A7C59GG144258","250574A","Used","2016","BMW","5 Series","528i xDrive","Dark Graphite","","11977","Cars","Gasoline Fuel","","03/14/2025","1268 Central Park Dr","O'Fallon","62269","IL","US","Serra Honda O'Fallon","https://www.serrahondaofallon.com/inventory/used-2016-bmw-5-series-528i-xdrive-awd-4d-sedan-wba5a7c59gg144258/"
"4S4BSBLC6F3211453","250564A","Used","2015","Subaru","Outback","2.5i","Carbide Gray Metallic","","11977","SUVs","Gasoline Fuel","","03/13/2025","1268 Central Park Dr","O'Fallon","62269","IL","US","Serra Honda O'Fallon","https://www.serrahondaofallon.com/inventory/used-2015-subaru-outback-2-5i-awd-4d-sport-utility-4s4bsblc6f3211453/"
"4S4BSBCC4F3222662","250248B","Used","2015","Subaru","Outback","2.5i Premium","Tungsten Metallic","","11977","SUVs","Gasoline Fuel","","02/01/2025","1268 Central Park Dr","O'Fallon","62269","IL","US","Serra Honda O'Fallon","https://www.serrahondaofallon.com/inventory/used-2015-subaru-outback-2-5i-premium-awd-4d-sport-utility-4s4bsbcc4f3222662/"
"1C4PJLCBXGW208548","250603A","Used","2016","Jeep","Cherokee","Latitude","Billet Silver Metallic Clearcoat","","12377","SUVs","Gasoline Fuel","","03/13/2025","1268 Central Park Dr","O'Fallon","62269","IL","US","Serra Honda O'Fallon","https://www.serrahondaofallon.com/inventory/used-2016-jeep-cherokee-latitude-fwd-4d-sport-utility-1c4pjlcbxgw208548/"
"2C4RC1BG6GR198162","250487A","Used","2016","Chrysler","Town & Country","Touring","Bright White Clearcoat","","12977","Vans","Flex Fuel Capability","","02/22/2025","1268 Central Park Dr","O'Fallon","62269","IL","US","Serra Honda O'Fallon","https://www.serrahondaofallon.com/inventory/used-2016-chrysler-town-country-touring-fwd-4d-passenger-van-2c4rc1bg6gr198162/"
"5NPE34AB4FH091161","250129B","Used","2015","Hyundai","Sonata","Sport 2.0T","Symphony Silver","","13777","Cars","Gasoline Fuel","","02/11/2025","1268 Central Park Dr","O'Fallon","62269","IL","US","Serra Honda O'Fallon","https://www.serrahondaofallon.com/inventory/used-2015-hyundai-sonata-sport-2-0t-fwd-4d-sedan-5npe34ab4fh091161/"
"5J8TB4H5XEL013392","250553B","Used","2014","Acura","RDX","Technology Package","Forged Silver Metallic","","13877","SUVs","Gasoline Fuel","","03/11/2025","1268 Central Park Dr","O'Fallon","62269","IL","US","Serra Honda O'Fallon","https://www.serrahondaofallon.com/inventory/used-2014-acura-rdx-technology-package-awd-4d-sport-utility-5j8tb4h5xel013392/"
"1N4AL3AP6JC175819","250324B","Used","2018","Nissan","Altima","2.5 SL","Gun Metallic","","14277","Cars","Gasoline Fuel","","02/28/2025","1268 Central Park Dr","O'Fallon","62269","IL","US","Serra Honda O'Fallon","https://www.serrahondaofallon.com/inventory/used-2018-nissan-altima-2-5-sl-fwd-4d-sedan-1n4al3ap6jc175819/"
"1C3CCCABXGN121772","250488A","Used","2016","Chrysler","200","Limited","Vivid Blue Pearlcoat","","14377","Cars","Gasoline Fuel","","02/26/2025","1268 Central Park Dr","O'Fallon","62269","IL","US","Serra Honda O'Fallon","https://www.serrahondaofallon.com/inventory/used-2016-chrysler-200-limited-fwd-4d-sedan-1c3cccabxgn121772/"
"3FA6P0HD2HR251603","250371A","Used","2017","Ford","Fusion","SE","Ruby Red Metallic","","14477","Cars","Gasoline Fuel","","03/01/2025","1268 Central Park Dr","O'Fallon","62269","IL","US","Serra Honda O'Fallon","https://www.serrahondaofallon.com/inventory/used-2017-ford-fusion-se-fwd-4d-sedan-3fa6p0hd2hr251603/"
"1FMCU0GD8KUC26160","250486A","Used","2019","Ford","Escape","SE","Lightning Blue","","14577","SUVs","Gasoline Fuel","","02/26/2025","1268 Central Park Dr","O'Fallon","62269","IL","US","Serra Honda O'Fallon","https://www.serrahondaofallon.com/inventory/used-2019-ford-escape-se-fwd-4d-sport-utility-1fmcu0gd8kuc26160/"
"KMHD84LF4JU592980","250501A","Used","2018","Hyundai","Elantra","SEL","Galactic Gray","","15477","Cars","Gasoline Fuel","","03/10/2025","1268 Central Park Dr","O'Fallon","62269","IL","US","Serra Honda O'Fallon","https://www.serrahondaofallon.com/inventory/used-2018-hyundai-elantra-sel-fwd-4d-sedan-kmhd84lf4ju592980/"
"4T4BF1FK0FR486432","250577A","Used","2015","Toyota","Camry","LE","Celestial Silver Metallic","","16377","Cars","Gasoline Fuel","","03/11/2025","1268 Central Park Dr","O'Fallon","62269","IL","US","Serra Honda O'Fallon","https://www.serrahondaofallon.com/inventory/used-2015-toyota-camry-le-fwd-4d-sedan-4t4bf1fk0fr486432/"
"JTHBL5EFXB5103635","250157A","Used","2011","Lexus","LS","460","Black Opal Mica","","17377","Cars","Gasoline Fuel","","02/21/2025","1268 Central Park Dr","O'Fallon","62269","IL","US","Serra Honda O'Fallon","https://www.serrahondaofallon.com/inventory/used-2011-lexus-ls-460-rwd-4d-sedan-jthbl5efxb5103635/"
"JTMDFREVXJD243950","250122A","Used","2018","Toyota","RAV4","Limited","Ruby Flare Pearl","","17977","SUVs","Gasoline Fuel","","02/15/2025","1268 Central Park Dr","O'Fallon","62269","IL","US","Serra Honda O'Fallon","https://www.serrahondaofallon.com/inventory/used-2018-toyota-rav4-limited-awd-4d-sport-utility-jtmdfrevxjd243950/"
"1N6AD0CU7EN715971","250024A","Used","2014","Nissan","Frontier","SV","Graphite Blue","","18977","Trucks","Gasoline Fuel","","02/06/2025","1268 Central Park Dr","O'Fallon","62269","IL","US","Serra Honda O'Fallon","https://www.serrahondaofallon.com/inventory/used-2014-nissan-frontier-sv-rwd-4d-king-cab-1n6ad0cu7en715971/"
"1G1FX6S06N4101770","249690A","Used","2022","Chevrolet","Bolt EV","2LT","Gray Ghost Metallic","","19977","Wagon","Electric Fuel System","","02/12/2025","1268 Central Park Dr","O'Fallon","62269","IL","US","Serra Honda O'Fallon","https://www.serrahondaofallon.com/inventory/used-2022-chevrolet-bolt-ev-2lt-fwd-4d-wagon-1g1fx6s06n4101770/"
"SALGS2TF7FA231980","2036A","Used","2015","Land Rover","Range Rover","5.0L V8 Supercharged","White","","20477","SUVs","Flex Fuel Capability","","03/17/2025","1268 Central Park Dr","O'Fallon","62269","IL","US","Serra Honda O'Fallon","https://www.serrahondaofallon.com/inventory/used-2015-land-rover-range-rover-5-0l-v8-supercharged-4wd-4d-sport-utility-salgs2tf7fa231980/"
"5TFSX5EN2KX067215","250065A","Used","2019","Toyota","Tacoma","SR","Super White","","21277","Trucks","Gasoline Fuel","","02/24/2025","1268 Central Park Dr","O'Fallon","62269","IL","US","Serra Honda O'Fallon","https://www.serrahondaofallon.com/inventory/used-2019-toyota-tacoma-sr-4wd-4d-access-cab-5tfsx5en2kx067215/"
"1FM5K7D84KGA36790","2021A","Used","2019","Ford","Explorer","XLT","White Platinum","","22677","SUVs","Gasoline Fuel","","02/04/2025","1268 Central Park Dr","O'Fallon","62269","IL","US","Serra Honda O'Fallon","https://www.serrahondaofallon.com/inventory/used-2019-ford-explorer-xlt-fwd-4d-sport-utility-1fm5k7d84kga36790/"
"1C4RJFAG1MC666582","250543A","Used","2021","Jeep","Grand Cherokee","Laredo X","Granite Crystal Metallic Clearcoat","","23577","SUVs","Gasoline Fuel","","02/28/2025","1268 Central Park Dr","O'Fallon","62269","IL","US","Serra Honda O'Fallon","https://www.serrahondaofallon.com/inventory/used-2021-jeep-grand-cherokee-laredo-x-4wd-4d-sport-utility-1c4rjfag1mc666582/"
"1GNEVKKW4JJ110122","250063A","Used","2018","Chevrolet","Traverse","High Country","Mosaic Black Metallic","","23877","SUVs","Gasoline Fuel","","11/23/2024","1268 Central Park Dr","O'Fallon","62269","IL","US","Serra Honda O'Fallon","https://www.serrahondaofallon.com/inventory/used-2018-chevrolet-traverse-high-country-awd-4d-sport-utility-1gnevkkw4jj110122/"
"3GNAXKEVXMS125870","259893A","Used","2021","Chevrolet","Equinox","LT","Silver Ice Metallic","","24477","SUVs","Gasoline Fuel","","03/14/2025","1268 Central Park Dr","O'Fallon","62269","IL","US","Serra Honda O'Fallon","https://www.serrahondaofallon.com/inventory/used-2021-chevrolet-equinox-lt-fwd-4d-sport-utility-3gnaxkevxms125870/"
"JM1BPALM5P1600378","250401A","Used","2023","Mazda","Mazda3","2.5 S Carbon Edition","Polymetal Gray Metallic","","24577","Compact","Gasoline Fuel","","02/10/2025","1268 Central Park Dr","O'Fallon","62269","IL","US","Serra Honda O'Fallon","https://www.serrahondaofallon.com/inventory/used-2023-mazda-mazda3-2-5-s-carbon-edition-fwd-4d-hatchback-jm1bpalm5p1600378/"
"JF1GUHJC0R8228515","250173A","Used","2024","Subaru","Impreza","2.5RS","Ice Silver Metallic","","25177","Compact","Gasoline Fuel","","01/04/2025","1268 Central Park Dr","O'Fallon","62269","IL","US","Serra Honda O'Fallon","https://www.serrahondaofallon.com/inventory/used-2024-subaru-impreza-2-5rs-awd-4d-hatchback-jf1guhjc0r8228515/"
"2C4RC1BG6NR160539","250494A","Used","2022","Chrysler","Pacifica","Touring L","Fathom Blue Pearlcoat","","25577","Vans","Gasoline Fuel","","02/28/2025","1268 Central Park Dr","O'Fallon","62269","IL","US","Serra Honda O'Fallon","https://www.serrahondaofallon.com/inventory/used-2022-chrysler-pacifica-touring-l-fwd-4d-passenger-van-2c4rc1bg6nr160539/"
"WP0CA2992YS653792","250432A","Used","2000","Porsche","911","Carrera","","","26377","Convertible","Gasoline Fuel","","03/18/2025","1268 Central Park Dr","O'Fallon","62269","IL","US","Serra Honda O'Fallon","https://www.serrahondaofallon.com/inventory/used-2000-porsche-911-carrera-rwd-2d-cabriolet-wp0ca2992ys653792/"
"3GNKBJRSXKS688072","249469A","Used","2019","Chevrolet","Blazer","RS","Red Hot","","26677","SUVs","Gasoline Fuel","","03/10/2025","1268 Central Park Dr","O'Fallon","62269","IL","US","Serra Honda O'Fallon","https://www.serrahondaofallon.com/inventory/used-2019-chevrolet-blazer-rs-awd-4d-sport-utility-3gnkbjrsxks688072/"
"JM3KFBEY9M0433332","250451A","Used","2021","Mazda","CX-5","Signature","Soul Red Crystal Metallic","","27977","SUVs","Gasoline Fuel","","02/25/2025","1268 Central Park Dr","O'Fallon","62269","IL","US","Serra Honda O'Fallon","https://www.serrahondaofallon.com/inventory/used-2021-mazda-cx-5-signature-awd-4d-sport-utility-jm3kfbey9m0433332/"
"JN8BT3DD9PW313249","250490A","Used","2023","Nissan","Rogue","Platinum","Super Black","","28477","SUVs","Gasoline Fuel","","02/21/2025","1268 Central Park Dr","O'Fallon","62269","IL","US","Serra Honda O'Fallon","https://www.serrahondaofallon.com/inventory/used-2023-nissan-rogue-platinum-awd-4d-sport-utility-jn8bt3dd9pw313249/"
"1C4RDJDG0NC224917","2014A","Used","2022","Dodge","Durango","GT Plus","DB Black Crystal Clearcoat","","30577","SUVs","Gasoline Fuel","","01/17/2025","1268 Central Park Dr","O'Fallon","62269","IL","US","Serra Honda O'Fallon","https://www.serrahondaofallon.com/inventory/used-2022-dodge-durango-gt-plus-awd-4d-sport-utility-1c4rdjdg0nc224917/"
"1C4RJJBGXN8547967","2028A","Used","2022","Jeep","Grand Cherokee L","Limited","Baltic Gray Metallic Clearcoat","","31277","SUVs","Gasoline Fuel","","02/20/2025","1268 Central Park Dr","O'Fallon","62269","IL","US","Serra Honda O'Fallon","https://www.serrahondaofallon.com/inventory/used-2022-jeep-grand-cherokee-l-limited-rwd-4d-sport-utility-1c4rjjbgxn8547967/"
"WAUBUDGY2RA025101","250206A","Used","2024","Audi","A3","40 Premium Plus","Ibis White","","31977","Cars","Gasoline/Mild Electric Hybrid","","12/23/2024","1268 Central Park Dr","O'Fallon","62269","IL","US","Serra Honda O'Fallon","https://www.serrahondaofallon.com/inventory/used-2024-audi-a3-40-premium-plus-fronttrak-4d-sedan-waubudgy2ra025101/"
"1C4RJKBGXM8114279","250593A","Used","2021","Jeep","Grand Cherokee L","Limited","Velvet Red Pearlcoat","","33477","SUVs","Gasoline Fuel","","03/13/2025","1268 Central Park Dr","O'Fallon","62269","IL","US","Serra Honda O'Fallon","https://www.serrahondaofallon.com/inventory/used-2021-jeep-grand-cherokee-l-limited-4wd-4d-sport-utility-1c4rjkbgxm8114279/"
"3TMCZ5ANXKM191856","250538A","Used","2019","Toyota","Tacoma","TRD Off-Road","Super White","","33677","Trucks","Gasoline Fuel","","03/06/2025","1268 Central Park Dr","O'Fallon","62269","IL","US","Serra Honda O'Fallon","https://www.serrahondaofallon.com/inventory/used-2019-toyota-tacoma-trd-off-road-4wd-4d-double-cab-3tmcz5anxkm191856/"
"2T3E6RFV0MW007396","250283A","Used","2021","Toyota","RAV4 Hybrid","XSE","Blue Print","","34977","SUVs","Gas/Electric Hybrid","","02/27/2025","1268 Central Park Dr","O'Fallon","62269","IL","US","Serra Honda O'Fallon","https://www.serrahondaofallon.com/inventory/used-2021-toyota-rav4-hybrid-xse-awd-4d-sport-utility-2t3e6rfv0mw007396/"
"3TMCZ5AN3LM335068","260454A","Used","2020","Toyota","Tacoma","TRD Sport","Magnetic Gray","","35977","Trucks","Gasoline Fuel","","02/24/2025","1268 Central Park Dr","O'Fallon","62269","IL","US","Serra Honda O'Fallon","https://www.serrahondaofallon.com/inventory/used-2020-toyota-tacoma-trd-sport-4wd-4d-double-cab-3tmcz5an3lm335068/"
"5J8YD8H80NL000880","2031A","Used","2022","Acura","MDX","Type S w/Advance Package","Gray","","47277","SUVs","Gasoline Fuel","","02/28/2025","1268 Central Park Dr","O'Fallon","62269","IL","US","Serra Honda O'Fallon","https://www.serrahondaofallon.com/inventory/used-2022-acura-mdx-type-s-wadvance-package-awd-4d-sport-utility-5j8yd8h80nl000880/"
"1GNSKTKLXNR360561","250394A","Used","2022","Chevrolet","Tahoe","High Country","Black","","62677","SUVs","Gasoline Fuel","","02/08/2025","1268 Central Park Dr","O'Fallon","62269","IL","US","Serra Honda O'Fallon","https://www.serrahondaofallon.com/inventory/used-2022-chevrolet-tahoe-high-country-4wd-4d-sport-utility-1gnsktklxnr360561/"
"2HGFE2F5XSH580383","250562","New","2025","Honda","Civic","Sport","Crystal Black Pearl","On-Lot","27400","Cars","Gasoline Fuel","27400","03/04/2025","1268 Central Park Dr","O'Fallon","62269","IL","US","Serra Honda O'Fallon","https://www.serrahondaofallon.com/inventory/new-2025-honda-civic-sport-fwd-4d-sedan-2hgfe2f5xsh580383/"
"2HGFE2F5XSH570601","250425","New","2025","Honda","Civic","Sport","Solar Silver Metallic","On-Lot","27400","Cars","Gasoline Fuel","27400","02/17/2025","1268 Central Park Dr","O'Fallon","62269","IL","US","Serra Honda O'Fallon","https://www.serrahondaofallon.com/inventory/new-2025-honda-civic-sport-fwd-4d-sedan-2hgfe2f5xsh570601/"
"2HGFE2F58SH581418","250570","New","2025","Honda","Civic","Sport","Solar Silver Metallic","On-Lot","27400","Cars","Gasoline Fuel","27400","03/07/2025","1268 Central Park Dr","O'Fallon","62269","IL","US","Serra Honda O'Fallon","https://www.serrahondaofallon.com/inventory/new-2025-honda-civic-sport-fwd-4d-sedan-2hgfe2f58sh581418/"
"2HGFE2F53SH582072","250581","New","2025","Honda","Civic","Sport","Meteorite Gray Metallic","On-Lot","27400","Cars","Gasoline Fuel","27400","03/10/2025","1268 Central Park Dr","O'Fallon","62269","IL","US","Serra Honda O'Fallon","https://www.serrahondaofallon.com/inventory/new-2025-honda-civic-sport-fwd-4d-sedan-2hgfe2f53sh582072/"
"2HGFE2F5XSH582201","250582","New","2025","Honda","Civic","Sport","Urban Gray Pearl","On-Lot","27855","Cars","Gasoline Fuel","27855","03/10/2025","1268 Central Park Dr","O'Fallon","62269","IL","US","Serra Honda O'Fallon","https://www.serrahondaofallon.com/inventory/new-2025-honda-civic-sport-fwd-4d-sedan-2hgfe2f5xsh582201/"
"2HGFE2F58SH585257","250628","New","2025","Honda","Civic","Sport","Blue Lagoon Pearl","On-Lot","27855","Cars","Gasoline Fuel","27855","03/18/2025","1268 Central Park Dr","O'Fallon","62269","IL","US","Serra Honda O'Fallon","https://www.serrahondaofallon.com/inventory/new-2025-honda-civic-sport-fwd-4d-sedan-2hgfe2f58sh585257/"
"2HGFE2F58SH571326","250437","New","2025","Honda","Civic","Sport","Urban Gray Pearl","On-Lot","27855","Cars","Gasoline Fuel","27855","03/11/2025","1268 Central Park Dr","O'Fallon","62269","IL","US","Serra Honda O'Fallon","https://www.serrahondaofallon.com/inventory/new-2025-honda-civic-sport-fwd-4d-sedan-2hgfe2f58sh571326/"
"2HGFE2F55SH573812","250481","New","2025","Honda","Civic","Sport","Platinum White Pearl","On-Lot","27855","Cars","Gasoline Fuel","27855","03/03/2025","1268 Central Park Dr","O'Fallon","62269","IL","US","Serra Honda O'Fallon","https://www.serrahondaofallon.com/inventory/new-2025-honda-civic-sport-fwd-4d-sedan-2hgfe2f55sh573812/"
"2HGFE2F54SH571324","250438","New","2025","Honda","Civic","Sport","Urban Gray Pearl","On-Lot","27855","Cars","Gasoline Fuel","27855","03/11/2025","1268 Central Park Dr","O'Fallon","62269","IL","US","Serra Honda O'Fallon","https://www.serrahondaofallon.com/inventory/new-2025-honda-civic-sport-fwd-4d-sedan-2hgfe2f54sh571324/"
"2HGFE2F51SH585083","250627","New","2025","Honda","Civic","Sport","Blue Lagoon Pearl","On-Lot","27855","Cars","Gasoline Fuel","27855","03/18/2025","1268 Central Park Dr","O'Fallon","62269","IL","US","Serra Honda O'Fallon","https://www.serrahondaofallon.com/inventory/new-2025-honda-civic-sport-fwd-4d-sedan-2hgfe2f51sh585083/"
"3CZRZ2H3XSM763306","250212","New","2025","Honda","HR-V","LX","Crystal Black Pearl","On-Lot","28250","SUVs","Gasoline Fuel","28250","01/13/2025","1268 Central Park Dr","O'Fallon","62269","IL","US","Serra Honda O'Fallon","https://www.serrahondaofallon.com/inventory/new-2025-honda-hr-v-lx-awd-4d-sport-utility-3czrz2h3xsm763306/"
"3CZRZ2H37SM764851","250252","New","2025","Honda","HR-V","LX","Modern Steel Metallic","On-Lot","28250","SUVs","Gasoline Fuel","28250","01/15/2025","1268 Central Park Dr","O'Fallon","62269","IL","US","Serra Honda O'Fallon","https://www.serrahondaofallon.com/inventory/new-2025-honda-hr-v-lx-awd-4d-sport-utility-3czrz2h37sm764851/"
"3CZRZ2H33SM754768","250269","New","2025","Honda","HR-V","LX","Crystal Black Pearl","On-Lot","28250","SUVs","Gasoline Fuel","28250","12/30/2024","1268 Central Park Dr","O'Fallon","62269","IL","US","Serra Honda O'Fallon","https://www.serrahondaofallon.com/inventory/new-2025-honda-hr-v-lx-awd-4d-sport-utility-3czrz2h33sm754768/"
"19XFL2H8XSE018071","250445","New","2025","Honda","Civic","Sport","Crystal Black Pearl","On-Lot","28600","Compact","Gasoline Fuel","28600","02/11/2025","1268 Central Park Dr","O'Fallon","62269","IL","US","Serra Honda O'Fallon","https://www.serrahondaofallon.com/inventory/new-2025-honda-civic-sport-fwd-4d-hatchback-19xfl2h8xse018071/"
"19XFL2H8XSE016305","250471","New","2025","Honda","Civic","Sport","Crystal Black Pearl","On-Lot","28600","Compact","Gasoline Fuel","28600","02/11/2025","1268 Central Park Dr","O'Fallon","62269","IL","US","Serra Honda O'Fallon","https://www.serrahondaofallon.com/inventory/new-2025-honda-civic-sport-fwd-4d-hatchback-19xfl2h8xse016305/"
"19XFL2H86SE022568","250608","New","2025","Honda","Civic","Sport","Meteorite Gray Metallic","On-Lot","28600","Compact","Gasoline Fuel","28600","03/14/2025","1268 Central Park Dr","O'Fallon","62269","IL","US","Serra Honda O'Fallon","https://www.serrahondaofallon.com/inventory/new-2025-honda-civic-sport-fwd-4d-hatchback-19xfl2h86se022568/"
"19XFL2H84SE017174","250407","New","2025","Honda","Civic","Sport","Rallye Red","On-Lot","28600","Compact","Gasoline Fuel","28600","02/04/2025","1268 Central Park Dr","O'Fallon","62269","IL","US","Serra Honda O'Fallon","https://www.serrahondaofallon.com/inventory/new-2025-honda-civic-sport-fwd-4d-hatchback-19xfl2h84se017174/"
"19XFL2H80SE021142","250550","New","2025","Honda","Civic","Sport","Crystal Black Pearl","On-Lot","28600","Compact","Gasoline Fuel","28600","03/03/2025","1268 Central Park Dr","O'Fallon","62269","IL","US","Serra Honda O'Fallon","https://www.serrahondaofallon.com/inventory/new-2025-honda-civic-sport-fwd-4d-hatchback-19xfl2h80se021142/"
"3CZRZ2H36SM740847","259825","New","2025","Honda","HR-V","LX","Platinum White Pearl","On-Lot","28705","SUVs","Gasoline Fuel","28705","10/22/2024","1268 Central Park Dr","O'Fallon","62269","IL","US","Serra Honda O'Fallon","https://www.serrahondaofallon.com/inventory/new-2025-honda-hr-v-lx-awd-4d-sport-utility-3czrz2h36sm740847/"
"3CZRZ2H30SM757658","250125","New","2025","Honda","HR-V","LX","Platinum White Pearl","On-Lot","28705","SUVs","Gasoline Fuel","28705","12/20/2024","1268 Central Park Dr","O'Fallon","62269","IL","US","Serra Honda O'Fallon","https://www.serrahondaofallon.com/inventory/new-2025-honda-hr-v-lx-awd-4d-sport-utility-3czrz2h30sm757658/"
"3CZRZ2H39SM771252","250355","New","2025","Honda","HR-V","LX","Platinum White Pearl","On-Lot","28750","SUVs","Gasoline Fuel","28750","02/10/2025","1268 Central Park Dr","O'Fallon","62269","IL","US","Serra Honda O'Fallon","https://www.serrahondaofallon.com/inventory/new-2025-honda-hr-v-lx-awd-4d-sport-utility-3czrz2h39sm771252/"
"3CZRZ2H38SM774210","250517","New","2025","Honda","HR-V","LX","Platinum White Pearl","On-Lot","28750","SUVs","Gasoline Fuel","28750","02/19/2025","1268 Central Park Dr","O'Fallon","62269","IL","US","Serra Honda O'Fallon","https://www.serrahondaofallon.com/inventory/new-2025-honda-hr-v-lx-awd-4d-sport-utility-3czrz2h38sm774210/"
"3CZRZ2H33SM768413","250312","New","2025","Honda","HR-V","LX","Platinum White Pearl","On-Lot","28750","SUVs","Gasoline Fuel","28750","02/07/2025","1268 Central Park Dr","O'Fallon","62269","IL","US","Serra Honda O'Fallon","https://www.serrahondaofallon.com/inventory/new-2025-honda-hr-v-lx-awd-4d-sport-utility-3czrz2h33sm768413/"
"19XFL2H86SE010257","250075","New","2025","Honda","Civic","Sport","Urban Gray Pearl","On-Lot","29000","Compact","Gasoline Fuel","29000","11/18/2024","1268 Central Park Dr","O'Fallon","62269","IL","US","Serra Honda O'Fallon","https://www.serrahondaofallon.com/inventory/new-2025-honda-civic-sport-fwd-4d-hatchback-19xfl2h86se010257/"
"19XFL2H85SE013828","250275","New","2025","Honda","Civic","Sport","Urban Gray Pearl","On-Lot","29000","Compact","Gasoline Fuel","29000","12/26/2024","1268 Central Park Dr","O'Fallon","62269","IL","US","Serra Honda O'Fallon","https://www.serrahondaofallon.com/inventory/new-2025-honda-civic-sport-fwd-4d-hatchback-19xfl2h85se013828/"
"19XFL2H84SE013965","250271","New","2025","Honda","Civic","Sport","Sand Dune Pearl","On-Lot","29000","Compact","Gasoline Fuel","29000","01/14/2025","1268 Central Park Dr","O'Fallon","62269","IL","US","Serra Honda O'Fallon","https://www.serrahondaofallon.com/inventory/new-2025-honda-civic-sport-fwd-4d-hatchback-19xfl2h84se013965/"
"19XFL2H84SE008197","250039","New","2025","Honda","Civic","Sport","Platinum White Pearl","On-Lot","29000","Compact","Gasoline Fuel","29000","11/07/2024","1268 Central Park Dr","O'Fallon","62269","IL","US","Serra Honda O'Fallon","https://www.serrahondaofallon.com/inventory/new-2025-honda-civic-sport-fwd-4d-hatchback-19xfl2h84se008197/"
"19XFL2H84SE021550","250571","New","2025","Honda","Civic","Sport","Boost Blue Pearl","On-Lot","29055","Compact","Gasoline Fuel","29055","03/10/2025","1268 Central Park Dr","O'Fallon","62269","IL","US","Serra Honda O'Fallon","https://www.serrahondaofallon.com/inventory/new-2025-honda-civic-sport-fwd-4d-hatchback-19xfl2h84se021550/"
"19XFL2H81SE021652","250563","New","2025","Honda","Civic","Sport","Platinum White Pearl","On-Lot","29055","Compact","Gasoline Fuel","29055","03/06/2025","1268 Central Park Dr","O'Fallon","62269","IL","US","Serra Honda O'Fallon","https://www.serrahondaofallon.com/inventory/new-2025-honda-civic-sport-fwd-4d-hatchback-19xfl2h81se021652/"
"3CZRZ1H58SM750579","250546","New","2025","Honda","HR-V","Sport","Urban Gray Pearl","On-Lot","29350","SUVs","Gasoline Fuel","29350","02/27/2025","1268 Central Park Dr","O'Fallon","62269","IL","US","Serra Honda O'Fallon","https://www.serrahondaofallon.com/inventory/new-2025-honda-hr-v-sport-fwd-4d-sport-utility-3czrz1h58sm750579/"
"3CZRZ1H55SM746344","250373","New","2025","Honda","HR-V","Sport","Nordic Forest Pearl","On-Lot","29350","SUVs","Gasoline Fuel","29350","02/11/2025","1268 Central Park Dr","O'Fallon","62269","IL","US","Serra Honda O'Fallon","https://www.serrahondaofallon.com/inventory/new-2025-honda-hr-v-sport-fwd-4d-sport-utility-3czrz1h55sm746344/"
"3CZRZ1H53SM747038","250414","New","2025","Honda","HR-V","Sport","Urban Gray Pearl","On-Lot","29350","SUVs","Gasoline Fuel","29350","02/17/2025","1268 Central Park Dr","O'Fallon","62269","IL","US","Serra Honda O'Fallon","https://www.serrahondaofallon.com/inventory/new-2025-honda-hr-v-sport-fwd-4d-sport-utility-3czrz1h53sm747038/"
"3CZRZ1H50SM749345","250511","New","2025","Honda","HR-V","Sport","Platinum White Pearl","On-Lot","29350","SUVs","Gasoline Fuel","29350","03/12/2025","1268 Central Park Dr","O'Fallon","62269","IL","US","Serra Honda O'Fallon","https://www.serrahondaofallon.com/inventory/new-2025-honda-hr-v-sport-fwd-4d-sport-utility-3czrz1h50sm749345/"
"1HGCY1F24SA016298","250398","New","2025","Honda","Accord","LX","Platinum White Pearl","On-Lot","29900","Cars","Gasoline Fuel","29900","02/03/2025","1268 Central Park Dr","O'Fallon","62269","IL","US","Serra Honda O'Fallon","https://www.serrahondaofallon.com/inventory/new-2025-honda-accord-lx-fwd-4d-sedan-1hgcy1f24sa016298/"
"3CZRZ2H54SM700221","259121","New","2025","Honda","HR-V","Sport","Milano Red","On-Lot","30050","SUVs","Gasoline Fuel","30050","09/26/2024","1268 Central Park Dr","O'Fallon","62269","IL","US","Serra Honda O'Fallon","https://www.serrahondaofallon.com/inventory/new-2025-honda-hr-v-sport-awd-4d-sport-utility-3czrz2h54sm700221/"
"2HGFE4F89SH333717","250618","New","2025","Honda","Civic Hybrid","Sport","Crystal Black Pearl","On-Lot","30100","Cars","Gas/Electric Hybrid","30100","03/14/2025","1268 Central Park Dr","O'Fallon","62269","IL","US","Serra Honda O'Fallon","https://www.serrahondaofallon.com/inventory/new-2025-honda-civic-hybrid-sport-fwd-4d-sedan-2hgfe4f89sh333717/"
"2HGFE4F80SH310908","250444","New","2025","Honda","Civic Hybrid","Sport","Platinum White Pearl","On-Lot","30300","Cars","Gas/Electric Hybrid","30300","02/07/2025","1268 Central Park Dr","O'Fallon","62269","IL","US","Serra Honda O'Fallon","https://www.serrahondaofallon.com/inventory/new-2025-honda-civic-hybrid-sport-fwd-4d-sedan-2hgfe4f80sh310908/"
"3CZRZ2H51SM751854","250473","New","2025","Honda","HR-V","Sport","Crystal Black Pearl","On-Lot","30350","SUVs","Gasoline Fuel","30350","02/13/2025","1268 Central Park Dr","O'Fallon","62269","IL","US","Serra Honda O'Fallon","https://www.serrahondaofallon.com/inventory/new-2025-honda-hr-v-sport-awd-4d-sport-utility-3czrz2h51sm751854/"
"3CZRZ2H59SM784682","250602","New","2025","Honda","HR-V","Sport","Crystal Black Pearl","On-Lot","30395","SUVs","Gasoline Fuel","30395","03/11/2025","1268 Central Park Dr","O'Fallon","62269","IL","US","Serra Honda O'Fallon","https://www.serrahondaofallon.com/inventory/new-2025-honda-hr-v-sport-awd-4d-sport-utility-3czrz2h59sm784682/"
"3CZRZ2H54SM774769","250422","New","2025","Honda","HR-V","Sport","Crystal Black Pearl","On-Lot","30395","SUVs","Gasoline Fuel","30395","02/26/2025","1268 Central Park Dr","O'Fallon","62269","IL","US","Serra Honda O'Fallon","https://www.serrahondaofallon.com/inventory/new-2025-honda-hr-v-sport-awd-4d-sport-utility-3czrz2h54sm774769/"
"3CZRZ2H52SM731001","259662","New","2025","Honda","HR-V","Sport","Platinum White Pearl","On-Lot","30505","SUVs","Gasoline Fuel","30505","09/12/2024","1268 Central Park Dr","O'Fallon","62269","IL","US","Serra Honda O'Fallon","https://www.serrahondaofallon.com/inventory/new-2025-honda-hr-v-sport-awd-4d-sport-utility-3czrz2h52sm731001/"
"2HGFE4F82SH328326","250357","New","2025","Honda","Civic Hybrid","Sport","Platinum White Pearl","On-Lot","30555","Cars","Gas/Electric Hybrid","30555","02/03/2025","1268 Central Park Dr","O'Fallon","62269","IL","US","Serra Honda O'Fallon","https://www.serrahondaofallon.com/inventory/new-2025-honda-civic-hybrid-sport-fwd-4d-sedan-2hgfe4f82sh328326/"
"2HGFE4F81SH333968","250534","New","2025","Honda","Civic Hybrid","Sport","Platinum White Pearl","On-Lot","30555","Cars","Gas/Electric Hybrid","30555","03/11/2025","1268 Central Park Dr","O'Fallon","62269","IL","US","Serra Honda O'Fallon","https://www.serrahondaofallon.com/inventory/new-2025-honda-civic-hybrid-sport-fwd-4d-sedan-2hgfe4f81sh333968/"
"19XFL4H82SE014771","250622","New","2025","Honda","Civic Hybrid","Sport","Crystal Black Pearl","On-Lot","31300","Compact","Gas/Electric Hybrid","31300","03/17/2025","1268 Central Park Dr","O'Fallon","62269","IL","US","Serra Honda O'Fallon","https://www.serrahondaofallon.com/inventory/new-2025-honda-civic-hybrid-sport-fwd-4d-hatchback-19xfl4h82se014771/"
"1HGCY1F42SA011747","250514","New","2025","Honda","Accord","SE","Crystal Black Pearl","On-Lot","31655","Cars","Gasoline Fuel","31655","02/20/2025","1268 Central Park Dr","O'Fallon","62269","IL","US","Serra Honda O'Fallon","https://www.serrahondaofallon.com/inventory/new-2025-honda-accord-se-fwd-4d-sedan-1hgcy1f42sa011747/"
"19XFL4H83SE014195","250597","New","2025","Honda","Civic Hybrid","Sport","Boost Blue Pearl","On-Lot","31755","Compact","Gas/Electric Hybrid","31755","03/14/2025","1268 Central Park Dr","O'Fallon","62269","IL","US","Serra Honda O'Fallon","https://www.serrahondaofallon.com/inventory/new-2025-honda-civic-hybrid-sport-fwd-4d-hatchback-19xfl4h83se014195/"
"3CZRZ2H7XSM778844","250510","New","2025","Honda","HR-V","EX-L","Lunar Silver Metallic","On-Lot","32395","SUVs","Gasoline Fuel","32395","02/18/2025","1268 Central Park Dr","O'Fallon","62269","IL","US","Serra Honda O'Fallon","https://www.serrahondaofallon.com/inventory/new-2025-honda-hr-v-ex-l-awd-4d-sport-utility-3czrz2h7xsm778844/"
"3CZRZ2H77SM786271","250624","New","2025","Honda","HR-V","EX-L","Crystal Black Pearl","On-Lot","32395","SUVs","Gasoline Fuel","32395","03/17/2025","1268 Central Park Dr","O'Fallon","62269","IL","US","Serra Honda O'Fallon","https://www.serrahondaofallon.com/inventory/new-2025-honda-hr-v-ex-l-awd-4d-sport-utility-3czrz2h77sm786271/"
"3CZRZ2H75SM782896","250565","New","2025","Honda","HR-V","EX-L","Crystal Black Pearl","On-Lot","32395","SUVs","Gasoline Fuel","32395","03/04/2025","1268 Central Park Dr","O'Fallon","62269","IL","US","Serra Honda O'Fallon","https://www.serrahondaofallon.com/inventory/new-2025-honda-hr-v-ex-l-awd-4d-sport-utility-3czrz2h75sm782896/"
"3CZRZ2H79SM780634","250547","New","2025","Honda","HR-V","EX-L","Platinum White Pearl","On-Lot","32850","SUVs","Gasoline Fuel","32850","02/27/2025","1268 Central Park Dr","O'Fallon","62269","IL","US","Serra Honda O'Fallon","https://www.serrahondaofallon.com/inventory/new-2025-honda-hr-v-ex-l-awd-4d-sport-utility-3czrz2h79sm780634/"
"3CZRZ2H70SM775886","250446","New","2025","Honda","HR-V","EX-L","Nordic Forest Pearl","On-Lot","32850","SUVs","Gasoline Fuel","32850","02/06/2025","1268 Central Park Dr","O'Fallon","62269","IL","US","Serra Honda O'Fallon","https://www.serrahondaofallon.com/inventory/new-2025-honda-hr-v-ex-l-awd-4d-sport-utility-3czrz2h70sm775886/"
"2HGFE4F89SH337458","250621","New","2025","Honda","Civic Hybrid","Sport Touring","Meteorite Gray Metallic","On-Lot","33100","Cars","Gas/Electric Hybrid","33100","03/17/2025","1268 Central Park Dr","O'Fallon","62269","IL","US","Serra Honda O'Fallon","https://www.serrahondaofallon.com/inventory/new-2025-honda-civic-hybrid-sport-touring-fwd-4d-sedan-2hgfe4f89sh337458/"
"2HGFE4F87SH337801","250630","New","2025","Honda","Civic Hybrid","Sport Touring","Crystal Black Pearl","On-Lot","33100","Cars","Gas/Electric Hybrid","33100","03/18/2025","1268 Central Park Dr","O'Fallon","62269","IL","US","Serra Honda O'Fallon","https://www.serrahondaofallon.com/inventory/new-2025-honda-civic-hybrid-sport-touring-fwd-4d-sedan-2hgfe4f87sh337801/"
"2HGFE4F86SH336235","250586","New","2025","Honda","Civic Hybrid","Sport Touring","Platinum White Pearl","On-Lot","33555","Cars","Gas/Electric Hybrid","33555","03/10/2025","1268 Central Park Dr","O'Fallon","62269","IL","US","Serra Honda O'Fallon","https://www.serrahondaofallon.com/inventory/new-2025-honda-civic-hybrid-sport-touring-fwd-4d-sedan-2hgfe4f86sh336235/"
"2HGFE4F84SH335407","250568","New","2025","Honda","Civic Hybrid","Sport Touring","Blue Lagoon Pearl","On-Lot","33555","Cars","Gas/Electric Hybrid","33555","03/06/2025","1268 Central Park Dr","O'Fallon","62269","IL","US","Serra Honda O'Fallon","https://www.serrahondaofallon.com/inventory/new-2025-honda-civic-hybrid-sport-touring-fwd-4d-sedan-2hgfe4f84sh335407/"
"2HGFE4F84SH334192","250535","New","2025","Honda","Civic Hybrid","Sport Touring","Platinum White Pearl","On-Lot","33555","Cars","Gas/Electric Hybrid","33555","02/26/2025","1268 Central Park Dr","O'Fallon","62269","IL","US","Serra Honda O'Fallon","https://www.serrahondaofallon.com/inventory/new-2025-honda-civic-hybrid-sport-touring-fwd-4d-sedan-2hgfe4f84sh334192/"
"2HGFE4F83SH333115","250522","New","2025","Honda","Civic Hybrid","Sport Touring","Blue Lagoon Pearl","On-Lot","33555","Cars","Gas/Electric Hybrid","33555","03/11/2025","1268 Central Park Dr","O'Fallon","62269","IL","US","Serra Honda O'Fallon","https://www.serrahondaofallon.com/inventory/new-2025-honda-civic-hybrid-sport-touring-fwd-4d-sedan-2hgfe4f83sh333115/"
"2HGFE4F80SH330799","250439","New","2025","Honda","Civic Hybrid","Sport Touring","Urban Gray Pearl","On-Lot","33555","Cars","Gas/Electric Hybrid","33555","03/11/2025","1268 Central Park Dr","O'Fallon","62269","IL","US","Serra Honda O'Fallon","https://www.serrahondaofallon.com/inventory/new-2025-honda-civic-hybrid-sport-touring-fwd-4d-sedan-2hgfe4f80sh330799/"
"19XFL4H97SE012507","250515","New","2025","Honda","Civic Hybrid","Sport Touring","Solar Silver Metallic","On-Lot","34300","Compact","Gas/Electric Hybrid","34300","02/24/2025","1268 Central Park Dr","O'Fallon","62269","IL","US","Serra Honda O'Fallon","https://www.serrahondaofallon.com/inventory/new-2025-honda-civic-hybrid-sport-touring-fwd-4d-hatchback-19xfl4h97se012507/"
"1HGCY2F58SA035405","250584","New","2025","Honda","Accord Hybrid","Sport","Solar Silver Metallic","On-Lot","34805","Cars","Gas/Electric Hybrid","34805","03/18/2025","1268 Central Park Dr","O'Fallon","62269","IL","US","Serra Honda O'Fallon","https://www.serrahondaofallon.com/inventory/new-2025-honda-accord-hybrid-sport-fwd-4d-sedan-1hgcy2f58sa035405/"
"1HGCY2F59SA013364","250004","New","2025","Honda","Accord Hybrid","Sport","Radiant Red Metallic","On-Lot","35205","Cars","Gas/Electric Hybrid","35205","11/05/2024","1268 Central Park Dr","O'Fallon","62269","IL","US","Serra Honda O'Fallon","https://www.serrahondaofallon.com/inventory/new-2025-honda-accord-hybrid-sport-fwd-4d-sedan-1hgcy2f59sa013364/"
"1HGCY2F56SA011796","259978","New","2025","Honda","Accord Hybrid","Sport","Still Night Pearl","On-Lot","35205","Cars","Gas/Electric Hybrid","35205","10/29/2024","1268 Central Park Dr","O'Fallon","62269","IL","US","Serra Honda O'Fallon","https://www.serrahondaofallon.com/inventory/new-2025-honda-accord-hybrid-sport-fwd-4d-sedan-1hgcy2f56sa011796/"
"1HGCY2F52SA001136","259776","New","2025","Honda","Accord Hybrid","Sport","Still Night Pearl","On-Lot","35205","Cars","Gas/Electric Hybrid","35205","09/20/2024","1268 Central Park Dr","O'Fallon","62269","IL","US","Serra Honda O'Fallon","https://www.serrahondaofallon.com/inventory/new-2025-honda-accord-hybrid-sport-fwd-4d-sedan-1hgcy2f52sa001136/"
"7FARS4H4XSE015839","250569","New","2025","Honda","CR-V","EX","Canyon River Blue Metallic","On-Lot","35245","SUVs","Gasoline Fuel","35245","03/10/2025","1268 Central Park Dr","O'Fallon","62269","IL","US","Serra Honda O'Fallon","https://www.serrahondaofallon.com/inventory/new-2025-honda-cr-v-ex-awd-4d-sport-utility-7fars4h4xse015839/"
"7FARS4H46SE015448","250529","New","2025","Honda","CR-V","EX","Crystal Black Pearl","On-Lot","35245","SUVs","Gasoline Fuel","35245","03/04/2025","1268 Central Park Dr","O'Fallon","62269","IL","US","Serra Honda O'Fallon","https://www.serrahondaofallon.com/inventory/new-2025-honda-cr-v-ex-awd-4d-sport-utility-7fars4h46se015448/"
"1HGCY2F59SA027765","250464","New","2025","Honda","Accord Hybrid","Sport","Platinum White Pearl","On-Lot","35260","Cars","Gas/Electric Hybrid","35260","02/18/2025","1268 Central Park Dr","O'Fallon","62269","IL","US","Serra Honda O'Fallon","https://www.serrahondaofallon.com/inventory/new-2025-honda-accord-hybrid-sport-fwd-4d-sedan-1hgcy2f59sa027765/"
"1HGCY2F58SA036621","250595","New","2025","Honda","Accord Hybrid","Sport","Urban Gray Pearl","On-Lot","35260","Cars","Gas/Electric Hybrid","35260","03/18/2025","1268 Central Park Dr","O'Fallon","62269","IL","US","Serra Honda O'Fallon","https://www.serrahondaofallon.com/inventory/new-2025-honda-accord-hybrid-sport-fwd-4d-sedan-1hgcy2f58sa036621/"
"1HGCY2F58SA031998","250544","New","2025","Honda","Accord Hybrid","Sport","Platinum White Pearl","On-Lot","35260","Cars","Gas/Electric Hybrid","35260","03/07/2025","1268 Central Park Dr","O'Fallon","62269","IL","US","Serra Honda O'Fallon","https://www.serrahondaofallon.com/inventory/new-2025-honda-accord-hybrid-sport-fwd-4d-sedan-1hgcy2f58sa031998/"
"7FARS4H47SE016284","250589","New","2025","Honda","CR-V","EX","Platinum White Pearl","On-Lot","35700","SUVs","Gasoline Fuel","35700","03/10/2025","1268 Central Park Dr","O'Fallon","62269","IL","US","Serra Honda O'Fallon","https://www.serrahondaofallon.com/inventory/new-2025-honda-cr-v-ex-awd-4d-sport-utility-7fars4h47se016284/"
"7FARS4H47SE015152","250524","New","2025","Honda","CR-V","EX","Urban Gray Pearl","On-Lot","35700","SUVs","Gasoline Fuel","35700","02/24/2025","1268 Central Park Dr","O'Fallon","62269","IL","US","Serra Honda O'Fallon","https://www.serrahondaofallon.com/inventory/new-2025-honda-cr-v-ex-awd-4d-sport-utility-7fars4h47se015152/"
"2HKRS4H42SH465692","250410","New","2025","Honda","CR-V","EX","Still Night Pearl","On-Lot","35700","SUVs","Gasoline Fuel","35700","02/10/2025","1268 Central Park Dr","O'Fallon","62269","IL","US","Serra Honda O'Fallon","https://www.serrahondaofallon.com/inventory/new-2025-honda-cr-v-ex-awd-4d-sport-utility-2hkrs4h42sh465692/"
"1HGCY2F65SA037699","250615","New","2025","Honda","Accord Hybrid","EX-L","Crystal Black Pearl","On-Lot","36090","Cars","Gas/Electric Hybrid","36090","03/18/2025","1268 Central Park Dr","O'Fallon","62269","IL","US","Serra Honda O'Fallon","https://www.serrahondaofallon.com/inventory/new-2025-honda-accord-hybrid-ex-l-fwd-4d-sedan-1hgcy2f65sa037699/"
"1HGCY2F63SA038169","250616","New","2025","Honda","Accord Hybrid","EX-L","Meteorite Gray Metallic","On-Lot","36090","Cars","Gas/Electric Hybrid","36090","03/14/2025","1268 Central Park Dr","O'Fallon","62269","IL","US","Serra Honda O'Fallon","https://www.serrahondaofallon.com/inventory/new-2025-honda-accord-hybrid-ex-l-fwd-4d-sedan-1hgcy2f63sa038169/"
"1HGCY2F61SA037702","250629","New","2025","Honda","Accord Hybrid","EX-L","Crystal Black Pearl","On-Lot","36090","Cars","Gas/Electric Hybrid","36090","03/18/2025","1268 Central Park Dr","O'Fallon","62269","IL","US","Serra Honda O'Fallon","https://www.serrahondaofallon.com/inventory/new-2025-honda-accord-hybrid-ex-l-fwd-4d-sedan-1hgcy2f61sa037702/"
"1HGCY2F64SA034924","250572","New","2025","Honda","Accord Hybrid","EX-L","Urban Gray Pearl","On-Lot","36545","Cars","Gas/Electric Hybrid","36545","03/18/2025","1268 Central Park Dr","O'Fallon","62269","IL","US","Serra Honda O'Fallon","https://www.serrahondaofallon.com/inventory/new-2025-honda-accord-hybrid-ex-l-fwd-4d-sedan-1hgcy2f64sa034924/"
"1HGCY2F7XSA012189","250469","New","2025","Honda","Accord Hybrid","Sport-L","Urban Gray Pearl","On-Lot","36925","Cars","Gas/Electric Hybrid","36925","02/11/2025","1268 Central Park Dr","O'Fallon","62269","IL","US","Serra Honda O'Fallon","https://www.serrahondaofallon.com/inventory/new-2025-honda-accord-hybrid-sport-l-fwd-4d-sedan-1hgcy2f7xsa012189/"
"1HGCY2F79SA025189","250470","New","2025","Honda","Accord Hybrid","Sport-L","Urban Gray Pearl","On-Lot","36980","Cars","Gas/Electric Hybrid","36980","02/10/2025","1268 Central Park Dr","O'Fallon","62269","IL","US","Serra Honda O'Fallon","https://www.serrahondaofallon.com/inventory/new-2025-honda-accord-hybrid-sport-l-fwd-4d-sedan-1hgcy2f79sa025189/"
"1HGCY2F73SA025205","250383","New","2025","Honda","Accord Hybrid","Sport-L","Urban Gray Pearl","On-Lot","36980","Cars","Gas/Electric Hybrid","36980","02/03/2025","1268 Central Park Dr","O'Fallon","62269","IL","US","Serra Honda O'Fallon","https://www.serrahondaofallon.com/inventory/new-2025-honda-accord-hybrid-sport-l-fwd-4d-sedan-1hgcy2f73sa025205/"
"1HGCY2F72SA036793","250596","New","2025","Honda","Accord Hybrid","Sport-L","Urban Gray Pearl","On-Lot","36980","Cars","Gas/Electric Hybrid","36980","03/18/2025","1268 Central Park Dr","O'Fallon","62269","IL","US","Serra Honda O'Fallon","https://www.serrahondaofallon.com/inventory/new-2025-honda-accord-hybrid-sport-l-fwd-4d-sedan-1hgcy2f72sa036793/"
"7FARS4H72SE017191","250631","New","2025","Honda","CR-V","EX-L","Crystal Black Pearl","On-Lot","37895","SUVs","Gasoline Fuel","37895","03/18/2025","1268 Central Park Dr","O'Fallon","62269","IL","US","Serra Honda O'Fallon","https://www.serrahondaofallon.com/inventory/new-2025-honda-cr-v-ex-l-awd-4d-sport-utility-7fars4h72se017191/"
"5J6RS4H7XSL016079","250592","New","2025","Honda","CR-V","EX-L","Meteorite Gray Metallic","On-Lot","37895","SUVs","Gasoline Fuel","37895","03/11/2025","1268 Central Park Dr","O'Fallon","62269","IL","US","Serra Honda O'Fallon","https://www.serrahondaofallon.com/inventory/new-2025-honda-cr-v-ex-l-awd-4d-sport-utility-5j6rs4h7xsl016079/"
"7FARS6H51SE064769","250607","New","2025","Honda","CR-V Hybrid","Sport","Platinum White Pearl","On-Lot","37955","SUVs","Gas/Electric Hybrid","37955","03/13/2025","1268 Central Park Dr","O'Fallon","62269","IL","US","Serra Honda O'Fallon","https://www.serrahondaofallon.com/inventory/new-2025-honda-cr-v-hybrid-sport-awd-4d-sport-utility-7fars6h51se064769/"
"7FARS4H75SE016522","250606","New","2025","Honda","CR-V","EX-L","Platinum White Pearl","On-Lot","38350","SUVs","Gasoline Fuel","38350","03/14/2025","1268 Central Park Dr","O'Fallon","62269","IL","US","Serra Honda O'Fallon","https://www.serrahondaofallon.com/inventory/new-2025-honda-cr-v-ex-l-awd-4d-sport-utility-7fars4h75se016522/"
"5J6RS4H77SL017786","250545","New","2025","Honda","CR-V","EX-L","Still Night Pearl","On-Lot","38350","SUVs","Gasoline Fuel","38350","03/07/2025","1268 Central Park Dr","O'Fallon","62269","IL","US","Serra Honda O'Fallon","https://www.serrahondaofallon.com/inventory/new-2025-honda-cr-v-ex-l-awd-4d-sport-utility-5j6rs4h77sl017786/"
"5J6RS4H76SL018735","250600","New","2025","Honda","CR-V","EX-L","Still Night Pearl","On-Lot","38350","SUVs","Gasoline Fuel","38350","03/18/2025","1268 Central Park Dr","O'Fallon","62269","IL","US","Serra Honda O'Fallon","https://www.serrahondaofallon.com/inventory/new-2025-honda-cr-v-ex-l-awd-4d-sport-utility-5j6rs4h76sl018735/"
"7FARS5H81SE015737","259894","New","2025","Honda","CR-V Hybrid","Sport-L","Still Night Pearl","On-Lot","39455","SUVs","Gas/Electric Hybrid","39455","10/16/2024","1268 Central Park Dr","O'Fallon","62269","IL","US","Serra Honda O'Fallon","https://www.serrahondaofallon.com/inventory/new-2025-honda-cr-v-hybrid-sport-l-fwd-4d-sport-utility-7fars5h81se015737/"
"7FARS6H88SE087816","250601","New","2025","Honda","CR-V Hybrid","Sport-L","Crystal Black Pearl","On-Lot","40545","SUVs","Gas/Electric Hybrid","40545","03/14/2025","1268 Central Park Dr","O'Fallon","62269","IL","US","Serra Honda O'Fallon","https://www.serrahondaofallon.com/inventory/new-2025-honda-cr-v-hybrid-sport-l-awd-4d-sport-utility-7fars6h88se087816/"
"7FARS6H85SE088194","250612","New","2025","Honda","CR-V Hybrid","Sport-L","Solar Silver Metallic","On-Lot","40545","SUVs","Gas/Electric Hybrid","40545","03/14/2025","1268 Central Park Dr","O'Fallon","62269","IL","US","Serra Honda O'Fallon","https://www.serrahondaofallon.com/inventory/new-2025-honda-cr-v-hybrid-sport-l-awd-4d-sport-utility-7fars6h85se088194/"
"1HGCY2F81SA038415","250619","New","2025","Honda","Accord Hybrid","Touring","Platinum White Pearl","On-Lot","40905","Cars","Gas/Electric Hybrid","40905","03/17/2025","1268 Central Park Dr","O'Fallon","62269","IL","US","Serra Honda O'Fallon","https://www.serrahondaofallon.com/inventory/new-2025-honda-accord-hybrid-touring-fwd-4d-sedan-1hgcy2f81sa038415/"
"1HGCY2F81SA037278","250605","New","2025","Honda","Accord Hybrid","Touring","Urban Gray Pearl","On-Lot","40905","Cars","Gas/Electric Hybrid","40905","03/18/2025","1268 Central Park Dr","O'Fallon","62269","IL","US","Serra Honda O'Fallon","https://www.serrahondaofallon.com/inventory/new-2025-honda-accord-hybrid-touring-fwd-4d-sedan-1hgcy2f81sa037278/"
"5FNYG2H3XSB018972","259986","New","2025","Honda","Pilot","Sport","Crystal Black Pearl","On-Lot","41595","SUVs","Gasoline Fuel","41595","11/05/2024","1268 Central Park Dr","O'Fallon","62269","IL","US","Serra Honda O'Fallon","https://www.serrahondaofallon.com/inventory/new-2025-honda-pilot-sport-fwd-4d-sport-utility-5fnyg2h3xsb018972/"
"5FNYG2H32SB022983","250272","New","2025","Honda","Pilot","Sport","Obsidian Blue Pearl","On-Lot","41595","SUVs","Gasoline Fuel","41595","01/07/2025","1268 Central Park Dr","O'Fallon","62269","IL","US","Serra Honda O'Fallon","https://www.serrahondaofallon.com/inventory/new-2025-honda-pilot-sport-fwd-4d-sport-utility-5fnyg2h32sb022983/"
"5FPYK3F15RB029935","249491","New","2024","Honda","Ridgeline","Sport","Platinum White Pearl","On-Lot","41600","Trucks","Gasoline Fuel","41600","07/23/2024","1268 Central Park Dr","O'Fallon","62269","IL","US","Serra Honda O'Fallon","https://www.serrahondaofallon.com/inventory/new-2024-honda-ridgeline-sport-awd-4d-crew-cab-5fpyk3f15rb029935/"
"5FPYK3F11RB021539","249186","New","2024","Honda","Ridgeline","Sport","Platinum White Pearl","On-Lot","41600","Trucks","Gasoline Fuel","41600","06/03/2024","1268 Central Park Dr","O'Fallon","62269","IL","US","Serra Honda O'Fallon","https://www.serrahondaofallon.com/inventory/new-2024-honda-ridgeline-sport-awd-4d-crew-cab-5fpyk3f11rb021539/"
"5FPYK3F16SB011806","259991","New","2025","Honda","Ridgeline","Sport","Sonic Gray Pearl","On-Lot","42000","Trucks","Gasoline Fuel","42000","10/29/2024","1268 Central Park Dr","O'Fallon","62269","IL","US","Serra Honda O'Fallon","https://www.serrahondaofallon.com/inventory/new-2025-honda-ridgeline-sport-awd-4d-crew-cab-5fpyk3f16sb011806/"
"5FPYK3F11RB030967","249522","New","2024","Honda","Ridgeline","Sport","Platinum White Pearl","On-Lot","42090","Trucks","Gasoline Fuel","42090","07/30/2024","1268 Central Park Dr","O'Fallon","62269","IL","US","Serra Honda O'Fallon","https://www.serrahondaofallon.com/inventory/new-2024-honda-ridgeline-sport-awd-4d-crew-cab-5fpyk3f11rb030967/"
"7FARS6H92SE087643","250590","New","2025","Honda","CR-V Hybrid","Sport Touring","Platinum White Pearl","On-Lot","42950","SUVs","Gas/Electric Hybrid","42950","03/14/2025","1268 Central Park Dr","O'Fallon","62269","IL","US","Serra Honda O'Fallon","https://www.serrahondaofallon.com/inventory/new-2025-honda-cr-v-hybrid-sport-touring-awd-4d-sport-utility-7fars6h92se087643/"
"5FNYG1H3XSB116944","250560","New","2025","Honda","Pilot","Sport","Crystal Black Pearl","On-Lot","43750","SUVs","Gasoline Fuel","43750","03/05/2025","1268 Central Park Dr","O'Fallon","62269","IL","US","Serra Honda O'Fallon","https://www.serrahondaofallon.com/inventory/new-2025-honda-pilot-sport-awd-4d-sport-utility-5fnyg1h3xsb116944/"
"5FNRL6H60SB059077","250614","New","2025","Honda","Odyssey","EX-L","Platinum White Pearl","On-Lot","44125","Vans","Gasoline Fuel","44125","03/13/2025","1268 Central Park Dr","O'Fallon","62269","IL","US","Serra Honda O'Fallon","https://www.serrahondaofallon.com/inventory/new-2025-honda-odyssey-ex-l-fwd-4d-passenger-van-5fnrl6h60sb059077/"
"5FNYG1H3XSB072332","259946","New","2025","Honda","Pilot","Sport","Radiant Red Metallic II","On-Lot","44150","SUVs","Gasoline Fuel","44150","10/22/2024","1268 Central Park Dr","O'Fallon","62269","IL","US","Serra Honda O'Fallon","https://www.serrahondaofallon.com/inventory/new-2025-honda-pilot-sport-awd-4d-sport-utility-5fnyg1h3xsb072332/"
"5FNYG1H38SB096970","250250","New","2025","Honda","Pilot","Sport","Radiant Red Metallic II","On-Lot","44150","SUVs","Gasoline Fuel","44150","12/19/2024","1268 Central Park Dr","O'Fallon","62269","IL","US","Serra Honda O'Fallon","https://www.serrahondaofallon.com/inventory/new-2025-honda-pilot-sport-awd-4d-sport-utility-5fnyg1h38sb096970/"
"5FPYK3F58SB017741","250228","New","2025","Honda","Ridgeline","RTL","Platinum White Pearl","On-Lot","44830","Trucks","Gasoline Fuel","44830","12/16/2024","1268 Central Park Dr","O'Fallon","62269","IL","US","Serra Honda O'Fallon","https://www.serrahondaofallon.com/inventory/new-2025-honda-ridgeline-rtl-awd-4d-crew-cab-5fpyk3f58sb017741/"
"5FPYK3F54SB000872","259603","New","2025","Honda","Ridgeline","RTL","Platinum White Pearl","On-Lot","44830","Trucks","Gasoline Fuel","44830","08/13/2024","1268 Central Park Dr","O'Fallon","62269","IL","US","Serra Honda O'Fallon","https://www.serrahondaofallon.com/inventory/new-2025-honda-ridgeline-rtl-awd-4d-crew-cab-5fpyk3f54sb000872/"
"5FPYK3F52SB025382","250555","New","2025","Honda","Ridgeline","RTL","Radiant Red Metallic II","On-Lot","44885","Trucks","Gasoline Fuel","44885","03/05/2025","1268 Central Park Dr","O'Fallon","62269","IL","US","Serra Honda O'Fallon","https://www.serrahondaofallon.com/inventory/new-2025-honda-ridgeline-rtl-awd-4d-crew-cab-5fpyk3f52sb025382/"
"5FPYK3F5XSB025422","250530","New","2025","Honda","Ridgeline","RTL","Radiant Red Metallic II","On-Lot","45135","Trucks","Gasoline Fuel","45135","03/03/2025","1268 Central Park Dr","O'Fallon","62269","IL","US","Serra Honda O'Fallon","https://www.serrahondaofallon.com/inventory/new-2025-honda-ridgeline-rtl-awd-4d-crew-cab-5fpyk3f5xsb025422/"
"5FPYK3F53SB007392","259826","New","2025","Honda","Ridgeline","RTL","Platinum White Pearl","On-Lot","45330","Trucks","Gasoline Fuel","45330","09/30/2024","1268 Central Park Dr","O'Fallon","62269","IL","US","Serra Honda O'Fallon","https://www.serrahondaofallon.com/inventory/new-2025-honda-ridgeline-rtl-awd-4d-crew-cab-5fpyk3f53sb007392/"
"5FPYK3F63RB025832","249333","New","2024","Honda","Ridgeline","TrailSport","Crystal Black Pearl","On-Lot","46375","Trucks","Gasoline Fuel","46375","06/19/2024","1268 Central Park Dr","O'Fallon","62269","IL","US","Serra Honda O'Fallon","https://www.serrahondaofallon.com/inventory/new-2024-honda-ridgeline-trailsport-awd-4d-crew-cab-5fpyk3f63rb025832/"
"5FPYK3F6XSB002568","259680","New","2025","Honda","Ridgeline","TrailSport","Crystal Black Pearl","On-Lot","46775","Trucks","Gasoline Fuel","46775","08/28/2024","1268 Central Park Dr","O'Fallon","62269","IL","US","Serra Honda O'Fallon","https://www.serrahondaofallon.com/inventory/new-2025-honda-ridgeline-trailsport-awd-4d-crew-cab-5fpyk3f6xsb002568/"
"5FPYK3F64SB012481","250011","New","2025","Honda","Ridgeline","TrailSport","Crystal Black Pearl","On-Lot","46775","Trucks","Gasoline Fuel","46775","11/06/2024","1268 Central Park Dr","O'Fallon","62269","IL","US","Serra Honda O'Fallon","https://www.serrahondaofallon.com/inventory/new-2025-honda-ridgeline-trailsport-awd-4d-crew-cab-5fpyk3f64sb012481/"
"5FNYG1H49SB054350","259616","New","2025","Honda","Pilot","EX-L","Platinum White Pearl","On-Lot","47150","SUVs","Gasoline Fuel","47150","08/19/2024","1268 Central Park Dr","O'Fallon","62269","IL","US","Serra Honda O'Fallon","https://www.serrahondaofallon.com/inventory/new-2025-honda-pilot-ex-l-awd-4d-sport-utility-5fnyg1h49sb054350/"
"5FPYK3F6XSB026157","250561","New","2025","Honda","Ridgeline","TrailSport","Diffused Sky Pearl","On-Lot","47285","Trucks","Gasoline Fuel","47285","03/05/2025","1268 Central Park Dr","O'Fallon","62269","IL","US","Serra Honda O'Fallon","https://www.serrahondaofallon.com/inventory/new-2025-honda-ridgeline-trailsport-awd-4d-crew-cab-5fpyk3f6xsb026157/"
"5FNYG1H42SB096410","250258","New","2025","Honda","Pilot","EX-L","Platinum White Pearl","On-Lot","47450","SUVs","Gasoline Fuel","47450","12/26/2024","1268 Central Park Dr","O'Fallon","62269","IL","US","Serra Honda O'Fallon","https://www.serrahondaofallon.com/inventory/new-2025-honda-pilot-ex-l-awd-4d-sport-utility-5fnyg1h42sb096410/"
"5FNYG1H46SB086074","250097","New","2025","Honda","Pilot","EX-L","Lunar Silver Metallic","On-Lot","47725","SUVs","Gasoline Fuel","47725","11/21/2024","1268 Central Park Dr","O'Fallon","62269","IL","US","Serra Honda O'Fallon","https://www.serrahondaofallon.com/inventory/new-2025-honda-pilot-ex-l-awd-4d-sport-utility-5fnyg1h46sb086074/"
"5FNYF9H39TB006874","260610","New","2026","Honda","Passport","RTLS","Platinum White Pearl","On-Lot","48030","SUVs","Gasoline Fuel","48030","03/13/2025","1268 Central Park Dr","O'Fallon","62269","IL","US","Serra Honda O'Fallon","https://www.serrahondaofallon.com/inventory/new-2026-honda-passport-rtls-awd-4d-sport-utility-5fnyf9h39tb006874/"
"5FNRL6H8XSB049528","250477","New","2025","Honda","Odyssey","Touring","Solar Silver Metallic","On-Lot","48360","Vans","Gasoline Fuel","48360","02/13/2025","1268 Central Park Dr","O'Fallon","62269","IL","US","Serra Honda O'Fallon","https://www.serrahondaofallon.com/inventory/new-2025-honda-odyssey-touring-fwd-4d-passenger-van-5fnrl6h8xsb049528/"
"5FNRL6H86SB053852","250539","New","2025","Honda","Odyssey","Touring","Smoke Blue Pearl","On-Lot","48360","Vans","Gasoline Fuel","48360","03/03/2025","1268 Central Park Dr","O'Fallon","62269","IL","US","Serra Honda O'Fallon","https://www.serrahondaofallon.com/inventory/new-2025-honda-odyssey-touring-fwd-4d-passenger-van-5fnrl6h86sb053852/"
"5FNRL6H82SB045313","250415","New","2025","Honda","Odyssey","Touring","Smoke Blue Pearl","On-Lot","48360","Vans","Gasoline Fuel","48360","02/03/2025","1268 Central Park Dr","O'Fallon","62269","IL","US","Serra Honda O'Fallon","https://www.serrahondaofallon.com/inventory/new-2025-honda-odyssey-touring-fwd-4d-passenger-van-5fnrl6h82sb045313/"
"5FPYK3F89SB025373","250531","New","2025","Honda","Ridgeline","Black Edition","Radiant Red Metallic II","On-Lot","48655","Trucks","Gasoline Fuel","48655","03/03/2025","1268 Central Park Dr","O'Fallon","62269","IL","US","Serra Honda O'Fallon","https://www.serrahondaofallon.com/inventory/new-2025-honda-ridgeline-black-edition-awd-4d-crew-cab-5fpyk3f89sb025373/"
"5FPYK3F83SB021979","250406","New","2025","Honda","Ridgeline","Black Edition","Sonic Gray Pearl","On-Lot","48655","Trucks","Gasoline Fuel","48655","02/03/2025","1268 Central Park Dr","O'Fallon","62269","IL","US","Serra Honda O'Fallon","https://www.serrahondaofallon.com/inventory/new-2025-honda-ridgeline-black-edition-awd-4d-crew-cab-5fpyk3f83sb021979/"
"5FPYK3F82SB025571","250541","New","2025","Honda","Ridgeline","Black Edition","Platinum White Pearl","On-Lot","48655","Trucks","Gasoline Fuel","48655","03/05/2025","1268 Central Park Dr","O'Fallon","62269","IL","US","Serra Honda O'Fallon","https://www.serrahondaofallon.com/inventory/new-2025-honda-ridgeline-black-edition-awd-4d-crew-cab-5fpyk3f82sb025571/"
"5FPYK3F84SB024129","250502","New","2025","Honda","Ridgeline","Black Edition","Radiant Red Metallic II","On-Lot","49155","Trucks","Gasoline Fuel","49155","02/17/2025","1268 Central Park Dr","O'Fallon","62269","IL","US","Serra Honda O'Fallon","https://www.serrahondaofallon.com/inventory/new-2025-honda-ridgeline-black-edition-awd-4d-crew-cab-5fpyk3f84sb024129/"
"5FNYG1H47SB073432","259913","New","2025","Honda","Pilot","EX-L","Platinum White Pearl","On-Lot","49650","SUVs","Gasoline Fuel","49650","11/05/2024","1268 Central Park Dr","O'Fallon","62269","IL","US","Serra Honda O'Fallon","https://www.serrahondaofallon.com/inventory/new-2025-honda-pilot-ex-l-awd-4d-sport-utility-5fnyg1h47sb073432/"
"5FNYG1H49SB103725","250354","New","2025","Honda","Pilot","EX-L","Platinum White Pearl","On-Lot","50255","SUVs","Gasoline Fuel","50255","03/03/2025","1268 Central Park Dr","O'Fallon","62269","IL","US","Serra Honda O'Fallon","https://www.serrahondaofallon.com/inventory/new-2025-honda-pilot-ex-l-awd-4d-sport-utility-5fnyg1h49sb103725/"
"5FNYF9H56TB005974","260599","New","2026","Honda","Passport","TrailSport","Sonic Gray Pearl","On-Lot","50355","SUVs","Gasoline Fuel","50355","03/14/2025","1268 Central Park Dr","O'Fallon","62269","IL","US","Serra Honda O'Fallon","https://www.serrahondaofallon.com/inventory/new-2026-honda-passport-trailsport-awd-4d-sport-utility-5fnyf9h56tb005974/"
"5FNYF9H59TB003295","260537","New","2026","Honda","Passport","TrailSport","Ash Green Metallic","On-Lot","50575","SUVs","Gasoline Fuel","50575","03/05/2025","1268 Central Park Dr","O'Fallon","62269","IL","US","Serra Honda O'Fallon","https://www.serrahondaofallon.com/inventory/new-2026-honda-passport-trailsport-awd-4d-sport-utility-5fnyf9h59tb003295/"
"5FNYG1H79SB105081","250594","New","2025","Honda","Pilot","Touring","Crystal Black Pearl","On-Lot","51050","SUVs","Gasoline Fuel","51050","03/11/2025","1268 Central Park Dr","O'Fallon","62269","IL","US","Serra Honda O'Fallon","https://www.serrahondaofallon.com/inventory/new-2025-honda-pilot-touring-awd-4d-sport-utility-5fnyg1h79sb105081/"
"5FNYG1H69SB111793","250483","New","2025","Honda","Pilot","TrailSport","Radiant Red Metallic II","On-Lot","51305","SUVs","Gasoline Fuel","51305","02/17/2025","1268 Central Park Dr","O'Fallon","62269","IL","US","Serra Honda O'Fallon","https://www.serrahondaofallon.com/inventory/new-2025-honda-pilot-trailsport-awd-4d-sport-utility-5fnyg1h69sb111793/"
"5FNYG1H74SB120667","250623","New","2025","Honda","Pilot","Touring","Radiant Red Metallic II","On-Lot","51505","SUVs","Gasoline Fuel","51505","03/17/2025","1268 Central Park Dr","O'Fallon","62269","IL","US","Serra Honda O'Fallon","https://www.serrahondaofallon.com/inventory/new-2025-honda-pilot-touring-awd-4d-sport-utility-5fnyg1h74sb120667/"
"5FNYG1H71SB118150","250587","New","2025","Honda","Pilot","Touring","Sonic Gray Pearl","On-Lot","51505","SUVs","Gasoline Fuel","51505","03/14/2025","1268 Central Park Dr","O'Fallon","62269","IL","US","Serra Honda O'Fallon","https://www.serrahondaofallon.com/inventory/new-2025-honda-pilot-touring-awd-4d-sport-utility-5fnyg1h71sb118150/"
"3GPKHVRJ1RS517936","249530","New","2024","Honda","Prologue","EX","Mercury Silver Metallic","On-Lot","51795","SUVs","Electric Fuel System","51795","09/13/2024","1268 Central Park Dr","O'Fallon","62269","IL","US","Serra Honda O'Fallon","https://www.serrahondaofallon.com/inventory/new-2024-honda-prologue-ex-awd-4d-sport-utility-3gpkhvrj1rs517936/"
"5FNYG1H66SB106356","250426","New","2025","Honda","Pilot","TrailSport","Radiant Red Metallic II","On-Lot","52065","SUVs","Gasoline Fuel","52065","02/24/2025","1268 Central Park Dr","O'Fallon","62269","IL","US","Serra Honda O'Fallon","https://www.serrahondaofallon.com/inventory/new-2025-honda-pilot-trailsport-awd-4d-sport-utility-5fnyg1h66sb106356/"
"3GPKHVRJXRS522925","249541","New","2024","Honda","Prologue","EX","Scarlet Red Metallic","On-Lot","52250","SUVs","Electric Fuel System","52250","08/27/2024","1268 Central Park Dr","O'Fallon","62269","IL","US","Serra Honda O'Fallon","https://www.serrahondaofallon.com/inventory/new-2024-honda-prologue-ex-awd-4d-sport-utility-3gpkhvrjxrs522925/"
"3GPKHVRJ9RS524634","249637","New","2024","Honda","Prologue","EX","Snowfall Pearl","On-Lot","52250","SUVs","Electric Fuel System","52250","09/19/2024","1268 Central Park Dr","O'Fallon","62269","IL","US","Serra Honda O'Fallon","https://www.serrahondaofallon.com/inventory/new-2024-honda-prologue-ex-awd-4d-sport-utility-3gpkhvrj9rs524634/"
"3GPKHVRJ5RS532360","240247","New","2024","Honda","Prologue","EX","Snowfall Pearl","On-Lot","52250","SUVs","Electric Fuel System","52250","02/04/2025","1268 Central Park Dr","O'Fallon","62269","IL","US","Serra Honda O'Fallon","https://www.serrahondaofallon.com/inventory/new-2024-honda-prologue-ex-awd-4d-sport-utility-3gpkhvrj5rs532360/"
"3GPKHVRJ5RS517616","249405","New","2024","Honda","Prologue","EX","Scarlet Red Metallic","On-Lot","52250","SUVs","Electric Fuel System","52250","07/31/2024","1268 Central Park Dr","O'Fallon","62269","IL","US","Serra Honda O'Fallon","https://www.serrahondaofallon.com/inventory/new-2024-honda-prologue-ex-awd-4d-sport-utility-3gpkhvrj5rs517616/"
"3GPKHVRJ4RS517803","249420","New","2024","Honda","Prologue","EX","Pacific Blue Metallic","On-Lot","52250","SUVs","Electric Fuel System","52250","07/31/2024","1268 Central Park Dr","O'Fallon","62269","IL","US","Serra Honda O'Fallon","https://www.serrahondaofallon.com/inventory/new-2024-honda-prologue-ex-awd-4d-sport-utility-3gpkhvrj4rs517803/"
"5FNRL6H95SB047694","250443","New","2025","Honda","Odyssey","Elite","Modern Steel Metallic","On-Lot","52630","Vans","Gasoline Fuel","52630","02/11/2025","1268 Central Park Dr","O'Fallon","62269","IL","US","Serra Honda O'Fallon","https://www.serrahondaofallon.com/inventory/new-2025-honda-odyssey-elite-fwd-4d-passenger-van-5fnrl6h95sb047694/"
"5FNYG1H79SB112810","250497","New","2025","Honda","Pilot","Touring","Modern Steel Metallic","On-Lot","52770","SUVs","Gasoline Fuel","52770","03/03/2025","1268 Central Park Dr","O'Fallon","62269","IL","US","Serra Honda O'Fallon","https://www.serrahondaofallon.com/inventory/new-2025-honda-pilot-touring-awd-4d-sport-utility-5fnyg1h79sb112810/"
"5FNRL6H91SB060054","250625","New","2025","Honda","Odyssey","Elite","Platinum White Pearl","On-Lot","53085","Vans","Gasoline Fuel","53085","03/17/2025","1268 Central Park Dr","O'Fallon","62269","IL","US","Serra Honda O'Fallon","https://www.serrahondaofallon.com/inventory/new-2025-honda-odyssey-elite-fwd-4d-passenger-van-5fnrl6h91sb060054/"
"5FNYG1H78SB114399","250523","New","2025","Honda","Pilot","Touring+","Radiant Red Metallic II","On-Lot","53405","SUVs","Gasoline Fuel","53405","02/24/2025","1268 Central Park Dr","O'Fallon","62269","IL","US","Serra Honda O'Fallon","https://www.serrahondaofallon.com/inventory/new-2025-honda-pilot-touring-awd-4d-sport-utility-5fnyg1h78sb114399/"
"5FNRL6H96SB054556","250554","New","2025","Honda","Odyssey","Elite","Platinum White Pearl","On-Lot","54220","Vans","Gasoline Fuel","54220","03/10/2025","1268 Central Park Dr","O'Fallon","62269","IL","US","Serra Honda O'Fallon","https://www.serrahondaofallon.com/inventory/new-2025-honda-odyssey-elite-fwd-4d-passenger-van-5fnrl6h96sb054556/"
"5FNYF9H84TB002047","260552","New","2026","Honda","Passport","TrailSport","Ash Green Metallic","On-Lot","54355","SUVs","Gasoline Fuel","54355","03/05/2025","1268 Central Park Dr","O'Fallon","62269","IL","US","Serra Honda O'Fallon","https://www.serrahondaofallon.com/inventory/new-2026-honda-passport-trailsport-awd-4d-sport-utility-5fnyf9h84tb002047/"
"5FNYF9H8XTB001758","260575","New","2026","Honda","Passport","TrailSport","Ash Green Metallic","On-Lot","54575","SUVs","Gasoline Fuel","54575","03/14/2025","1268 Central Park Dr","O'Fallon","62269","IL","US","Serra Honda O'Fallon","https://www.serrahondaofallon.com/inventory/new-2026-honda-passport-trailsport-awd-4d-sport-utility-5fnyf9h8xtb001758/"
"5FNYF9H87TB002253","260611","New","2026","Honda","Passport","TrailSport","Ash Green Metallic","On-Lot","55555","SUVs","Gasoline Fuel","55555","03/13/2025","1268 Central Park Dr","O'Fallon","62269","IL","US","Serra Honda O'Fallon","https://www.serrahondaofallon.com/inventory/new-2026-honda-passport-trailsport-awd-4d-sport-utility-5fnyf9h87tb002253/"
"5FNYG1H92SB118921","250588","New","2025","Honda","Pilot","Black Edition","Modern Steel Metallic","On-Lot","56030","SUVs","Gasoline Fuel","56030","03/14/2025","1268 Central Park Dr","O'Fallon","62269","IL","US","Serra Honda O'Fallon","https://www.serrahondaofallon.com/inventory/new-2025-honda-pilot-black-edition-awd-4d-sport-utility-5fnyg1h92sb118921/"
"3GPKHXRJ3RS543904","240182","New","2024","Honda","Prologue","Touring","Mercury Silver Metallic","On-Lot","56095","SUVs","Electric Fuel System","56095","01/09/2025","1268 Central Park Dr","O'Fallon","62269","IL","US","Serra Honda O'Fallon","https://www.serrahondaofallon.com/inventory/new-2024-honda-prologue-touring-awd-4d-sport-utility-3gpkhxrj3rs543904/"
"5FNYG1H94SB119195","250598","New","2025","Honda","Pilot","Black Edition","Radiant Red Metallic II","On-Lot","56485","SUVs","Gasoline Fuel","56485","03/14/2025","1268 Central Park Dr","O'Fallon","62269","IL","US","Serra Honda O'Fallon","https://www.serrahondaofallon.com/inventory/new-2025-honda-pilot-black-edition-awd-4d-sport-utility-5fnyg1h94sb119195/"
"3GPKHXRJ8RS508209","249122","New","2024","Honda","Prologue","Touring","Sonic Gray Pearl","On-Lot","56550","SUVs","Electric Fuel System","56550","07/10/2024","1268 Central Park Dr","O'Fallon","62269","IL","US","Serra Honda O'Fallon","https://www.serrahondaofallon.com/inventory/new-2024-honda-prologue-touring-awd-4d-sport-utility-3gpkhxrj8rs508209/"
"3GPKHXRJ5RS515408","249867","New","2024","Honda","Prologue","Touring","Raven Black","On-Lot","56550","SUVs","Electric Fuel System","56550","10/29/2024","1268 Central Park Dr","O'Fallon","62269","IL","US","Serra Honda O'Fallon","https://www.serrahondaofallon.com/inventory/new-2024-honda-prologue-touring-awd-4d-sport-utility-3gpkhxrj5rs515408/"
"3GPKHXRJ1RS520072","249454","New","2024","Honda","Prologue","Touring","Raven Black","On-Lot","56550","SUVs","Electric Fuel System","56550","08/08/2024","1268 Central Park Dr","O'Fallon","62269","IL","US","Serra Honda O'Fallon","https://www.serrahondaofallon.com/inventory/new-2024-honda-prologue-touring-awd-4d-sport-utility-3gpkhxrj1rs520072/"
"3GPKHZRJ9RS528545","249715","New","2024","Honda","Prologue","Elite","North Shore Pearl","On-Lot","59750","SUVs","Electric Fuel System","59750","11/05/2024","1268 Central Park Dr","O'Fallon","62269","IL","US","Serra Honda O'Fallon","https://www.serrahondaofallon.com/inventory/new-2024-honda-prologue-elite-awd-4d-sport-utility-3gpkhzrj9rs528545/"
"3GPKHZRJ2RS542450","240135","New","2024","Honda","Prologue","Elite","North Shore Pearl","On-Lot","59750","SUVs","Electric Fuel System","59750","12/16/2024","1268 Central Park Dr","O'Fallon","62269","IL","US","Serra Honda O'Fallon","https://www.serrahondaofallon.com/inventory/new-2024-honda-prologue-elite-awd-4d-sport-utility-3gpkhzrj2rs542450/"
"3GPKHZRJ4SS500433","250360","New","2025","Honda","Prologue","Elite","North Shore Pearl","On-Lot","59805","SUVs","Electric Fuel System","59805","02/21/2025","1268 Central Park Dr","O'Fallon","62269","IL","US","Serra Honda O'Fallon","https://www.serrahondaofallon.com/inventory/new-2025-honda-prologue-elite-awd-4d-sport-utility-3gpkhzrj4ss500433/"
"3GPKHZRJ3SS500648","250397","New","2025","Honda","Prologue","Elite","Snowfall Pearl","On-Lot","59805","SUVs","Electric Fuel System","59805","02/21/2025","1268 Central Park Dr","O'Fallon","62269","IL","US","Serra Honda O'Fallon","https://www.serrahondaofallon.com/inventory/new-2025-honda-prologue-elite-awd-4d-sport-utility-3gpkhzrj3ss500648/"
"19XFL2H83SE023578","","New","2025","Honda","Civic Hatchback","SPORT","Urban Gray Pearl","In-Transit","29055","Compact","Gasoline Fuel","27905","03/19/2025","1268 Central Park Dr","O'Fallon","62269","IL","US","Serra Honda O'Fallon","https://www.serrahondaofallon.com/inventory/new-2025-honda-civic-hatchback-sport-front-wheel-drive-hatchback-19xfl2h83se023578/"
"2HGFE1E5XSH476049","","New","2025","Honda","Civic Si Sedan","SI","Rallye Red","In-Transit","31400","Cars","Gasoline Fuel","30250","03/19/2025","1268 Central Park Dr","O'Fallon","62269","IL","US","Serra Honda O'Fallon","https://www.serrahondaofallon.com/inventory/new-2025-honda-civic-si-sedan-si-front-wheel-drive-4dr-car-2hgfe1e5xsh476049/"
"2HGFE1E5XSH475578","","New","2025","Honda","Civic Si Sedan","SI","Rallye Red","In-Transit","31400","Cars","Gasoline Fuel","30250","03/19/2025","1268 Central Park Dr","O'Fallon","62269","IL","US","Serra Honda O'Fallon","https://www.serrahondaofallon.com/inventory/new-2025-honda-civic-si-sedan-si-front-wheel-drive-4dr-car-2hgfe1e5xsh475578/"
"2HGFE1E56SH475562","","New","2025","Honda","Civic Si Sedan","SI","Crystal Black Pearl","In-Transit","31400","Cars","Gasoline Fuel","30250","03/19/2025","1268 Central Park Dr","O'Fallon","62269","IL","US","Serra Honda O'Fallon","https://www.serrahondaofallon.com/inventory/new-2025-honda-civic-si-sedan-si-front-wheel-drive-4dr-car-2hgfe1e56sh475562/"
"1HGCY2F78SA039049","","New","2025","Honda","Accord Sedan","HYBRID SPORT-L","Platinum White Pearl","In-Transit","36980","Cars","Gas/Electric Hybrid","35830","03/19/2025","1268 Central Park Dr","O'Fallon","62269","IL","US","Serra Honda O'Fallon","https://www.serrahondaofallon.com/inventory/new-2025-honda-accord-sedan-hybrid-sport-l-front-wheel-drive-4dr-car-1hgcy2f78sa039049/"
"7FARS6H90SE089214","","New","2025","Honda","CR-V","HYBRID AWD SP TRG","Crystal Black Pearl","In-Transit","42495","SUVs","Gas/Electric Hybrid","41100","03/19/2025","1268 Central Park Dr","O'Fallon","62269","IL","US","Serra Honda O'Fallon","https://www.serrahondaofallon.com/inventory/new-2025-honda-cr-v-hybrid-awd-sp-trg-all-wheel-drive-sport-utility-7fars6h90se089214/"
"5FNYF9H38TB006915","","New","2026","Honda","Passport","RTL","Platinum White Pearl","In-Transit","46655","SUVs","Gasoline Fuel","45205","03/19/2025","1268 Central Park Dr","O'Fallon","62269","IL","US","Serra Honda O'Fallon","https://www.serrahondaofallon.com/inventory/new-2026-honda-passport-rtl-all-wheel-drive-sport-utility-5fnyf9h38tb006915/"
"5FNRL6H88SB060530","","New","2025","Honda","Odyssey","TOURING","Modern Steel Metallic","In-Transit","48360","Vans","Gasoline Fuel","46910","03/19/2025","1268 Central Park Dr","O'Fallon","62269","IL","US","Serra Honda O'Fallon","https://www.serrahondaofallon.com/inventory/new-2025-honda-odyssey-touring-front-wheel-drive-mini-van-passenger-5fnrl6h88sb060530/"
"5FNYG1H8XSB120133","","New","2025","Honda","Pilot","AWD ELITE","Platinum White Pearl","In-Transit","54985","SUVs","Gasoline Fuel","53535","03/19/2025","1268 Central Park Dr","O'Fallon","62269","IL","US","Serra Honda O'Fallon","https://www.serrahondaofallon.com/inventory/new-2025-honda-pilot-awd-elite-all-wheel-drive-sport-utility-5fnyg1h8xsb120133/"
"5FNYG1H91SB120286","","New","2025","Honda","Pilot","AWD BLACK EDITION","Crystal Black Pearl","In-Transit","56030","SUVs","Gasoline Fuel","54580","03/19/2025","1268 Central Park Dr","O'Fallon","62269","IL","US","Serra Honda O'Fallon","https://www.serrahondaofallon.com/inventory/new-2025-honda-pilot-awd-black-edition-all-wheel-drive-sport-utility-5fnyg1h91sb120286/"
"3GPKHXRJ5SS503037","","New","2025","Honda","Prologue","AWD TOURING","Snowfall Pearl","In-Transit","56605","SUVs","Electric Fuel System","55155","03/19/2025","1268 Central Park Dr","O'Fallon","62269","IL","US","Serra Honda O'Fallon","https://www.serrahondaofallon.com/inventory/new-2025-honda-prologue-awd-touring-all-wheel-drive-sport-utility-3gpkhxrj5ss503037/"
